0,0.948,0.948
1,0.972,0.972
2,0.963,0.963
3,0.967,0.963
4,0.985,0.98
5,0.979,0.983
6,0.978,0.974
7,0.983,0.975
8,0.984,0.983
9,0.98,0.974
10,0.981,0.985
11,0.988,0.986
12,0.98,0.99
13,0.983,0.983
14,0.984,0.979
15,0.981,0.981
16,0.982,0.985
17,0.984,0.982
18,0.988,0.987
19,0.986,0.99
20,0.982,0.982
21,0.98,0.983
22,0.987,0.981
23,0.983,0.977
24,0.985,0.986
25,0.988,0.986
26,0.987,0.984
27,0.984,0.98
28,0.978,0.978
29,0.989,0.983
30,0.984,0.986
31,0.986,0.988
32,0.984,0.984
33,0.99,0.989
34,0.987,0.987
35,0.988,0.991
36,0.988,0.989
37,0.992,0.989
38,0.99,0.99
39,0.99,0.986
40,0.988,0.989
41,0.988,0.993
42,0.988,0.992
43,0.986,0.988
44,0.99,0.985
45,0.985,0.987
46,0.991,0.991
47,0.987,0.982
48,0.986,0.988
49,0.987,0.987
50,0.988,0.986
51,0.987,0.988
52,0.989,0.992
53,0.99,0.992
54,0.988,0.992
55,0.989,0.988
56,0.986,0.993
57,0.99,0.991
58,0.989,0.985
59,0.99,0.99
60,0.989,0.989
61,0.99,0.989
62,0.989,0.989
63,0.99,0.991
64,0.989,0.991
65,0.986,0.988
66,0.99,0.987
67,0.99,0.984
68,0.99,0.985
69,0.993,0.992
70,0.989,0.991
71,0.99,0.992
72,0.991,0.993
73,0.99,0.991
74,0.99,0.991
75,0.99,0.986
76,0.991,0.991
77,0.99,0.994
78,0.994,0.993
79,0.987,0.986
80,0.992,0.991
81,0.994,0.986
82,0.99,0.985
83,0.988,0.989
84,0.991,0.991
85,0.991,0.988
86,0.989,0.989
87,0.988,0.987
88,0.99,0.988
89,0.991,0.991
90,0.992,0.989
91,0.991,0.991
92,0.992,0.99
93,0.992,0.99
94,0.989,0.99
95,0.992,0.99
96,0.988,0.989
97,0.99,0.99
98,0.993,0.991
99,0.992,0.991
100,0.992,0.987
101,0.986,0.987
102,0.991,0.993
103,0.991,0.989
104,0.992,0.989
105,0.993,0.99
106,0.992,0.993
107,0.99,0.986
108,0.991,0.991
109,0.99,0.989
110,0.992,0.991
111,0.99,0.99
112,0.991,0.99
113,0.991,0.989
114,0.992,0.989
115,0.992,0.99
116,0.994,0.988
117,0.992,0.993
118,0.993,0.994
119,0.992,0.989
120,0.992,0.992
121,0.994,0.99
122,0.993,0.992
123,0.994,0.988
124,0.99,0.992
125,0.992,0.993
126,0.994,0.993
127,0.994,0.993
128,0.989,0.988
129,0.99,0.991
130,0.994,0.994
131,0.993,0.992
132,0.993,0.994
133,0.994,0.996
134,0.993,0.991
135,0.99,0.988
136,0.993,0.987
137,0.993,0.987
138,0.991,0.993
139,0.994,0.993
140,0.994,0.992
141,0.992,0.991
142,0.994,0.988
143,0.99,0.99
144,0.991,0.991
145,0.992,0.988
146,0.991,0.99
147,0.994,0.994
148,0.992,0.992
149,0.993,0.994
150,0.991,0.988
151,0.994,0.994
152,0.996,0.995
153,0.992,0.991
154,0.994,0.997
155,0.994,0.99
156,0.993,0.991
157,0.99,0.99
158,0.992,0.993
159,0.994,0.995
160,0.992,0.993
161,0.993,0.989
162,0.993,0.992
163,0.995,0.994
164,0.992,0.993
165,0.996,0.992
166,0.993,0.996
167,0.993,0.989
168,0.994,0.99
169,0.992,0.991
170,0.993,0.992
171,0.993,0.993
172,0.992,0.989
173,0.991,0.989
174,0.995,0.995
175,0.993,0.99
176,0.994,0.995
177,0.992,0.995
178,0.99,0.993
179,0.991,0.992
180,0.993,0.992
181,0.993,0.992
182,0.992,0.993
183,0.989,0.992
184,0.993,0.992
185,0.99,0.993
186,0.992,0.993
187,0.993,0.993
188,0.992,0.993
189,0.992,0.992
190,0.994,0.994
191,0.994,0.991
192,0.994,0.992
193,0.994,0.992
194,0.992,0.993
195,0.993,0.993
196,0.993,0.99
197,0.993,0.993
198,0.994,0.991
199,0.992,0.993
200,0.992,0.992
201,0.994,0.994
202,0.994,0.996
203,0.994,0.987
204,0.992,0.992
205,0.992,0.992
206,0.993,0.992
207,0.994,0.995
208,0.992,0.993
209,0.994,0.99
210,0.993,0.992
211,0.994,0.992
212,0.995,0.992
213,0.993,0.989
214,0.993,0.993
215,0.992,0.995
216,0.993,0.993
217,0.994,0.987
218,0.994,0.992
219,0.993,0.992
220,0.994,0.996
221,0.994,0.995
222,0.992,0.992
223,0.996,0.992
224,0.993,0.994
225,0.993,0.992
226,0.993,0.995
227,0.992,0.99
228,0.994,0.995
229,0.994,0.995
230,0.993,0.992
231,0.994,0.993
232,0.995,0.995
233,0.993,0.991
234,0.993,0.99
235,0.992,0.993
236,0.995,0.99
237,0.993,0.991
238,0.992,0.989
239,0.993,0.997
240,0.994,0.995
241,0.993,0.991
242,0.992,0.995
243,0.995,0.996
244,0.994,0.992
245,0.995,0.995
246,0.996,0.995
247,0.994,0.991
248,0.995,0.992
249,0.995,0.995
250,0.995,0.993
251,0.995,0.995
252,0.995,0.989
253,0.994,0.992
254,0.995,0.992
255,0.995,0.997
256,0.995,0.995
257,0.995,0.993
258,0.994,0.992
259,0.992,0.993
260,0.996,0.992
261,0.994,0.994
262,0.992,0.989
263,0.994,0.996
264,0.994,0.994
265,0.995,0.993
266,0.99,0.994
267,0.995,0.995
268,0.994,0.994
269,0.995,0.995
270,0.993,0.989
271,0.993,0.992
272,0.993,0.995
273,0.993,0.995
274,0.996,0.994
275,0.994,0.99
276,0.993,0.988
277,0.996,0.996
278,0.992,0.996
279,0.993,0.994
280,0.994,0.993
281,0.994,0.991
282,0.994,0.996
283,0.996,0.995
284,0.993,0.995
285,0.995,0.992
286,0.992,0.993
287,0.994,0.99
288,0.994,0.996
289,0.994,0.99
290,0.994,0.99
291,0.994,0.993
292,0.991,0.994
293,0.995,0.994
294,0.994,0.996
295,0.995,0.994
296,0.995,0.994
297,0.993,0.992
298,0.995,0.994
299,0.994,0.994
300,0.993,0.993
301,0.995,0.994
302,0.995,0.994
303,0.996,0.993
304,0.994,0.997
305,0.992,0.997
306,0.995,0.993
307,0.991,0.992
308,0.991,0.993
309,0.992,0.992
310,0.993,0.994
311,0.995,0.993
312,0.994,0.997
313,0.995,0.991
314,0.993,0.993
315,0.994,0.994
316,0.993,0.997
317,0.997,0.998
318,0.994,0.994
319,0.994,0.994
320,0.994,0.995
321,0.993,0.996
322,0.997,0.995
323,0.994,0.993
324,0.995,0.991
325,0.994,0.996
326,0.994,0.993
327,0.996,0.993
328,0.994,0.993
329,0.995,0.994
330,0.996,0.994
331,0.994,0.992
332,0.993,0.994
333,0.995,0.995
334,0.995,0.995
335,0.994,0.991
336,0.994,0.994
337,0.993,0.992
338,0.996,0.995
339,0.992,0.99
340,0.994,0.994
341,0.996,0.996
342,0.996,0.991
343,0.994,0.992
344,0.995,0.989
345,0.992,0.991
346,0.994,0.994
347,0.996,0.994
348,0.997,0.997
349,0.997,0.994
350,0.994,0.996
351,0.996,0.993
352,0.996,0.994
353,0.994,0.995
354,0.992,0.996
355,0.996,0.991
356,0.993,0.992
357,0.994,0.996
358,0.992,0.995
359,0.992,0.992
360,0.995,0.994
361,0.996,0.992
362,0.994,0.995
363,0.994,0.993
364,0.997,0.996
365,0.996,0.997
366,0.996,0.992
367,0.994,0.995
368,0.994,0.991
369,0.994,0.993
370,0.996,0.996
371,0.994,0.995
372,0.992,0.994
373,0.996,0.994
374,0.994,0.993
375,0.996,0.993
376,0.996,0.995
377,0.996,0.994
378,0.994,0.992
379,0.993,0.993
380,0.995,0.998
381,0.996,0.996
382,0.995,0.996
383,0.995,0.994
384,0.995,0.992
385,0.996,0.997
386,0.995,0.993
387,0.995,0.995
388,0.995,0.994
389,0.995,0.997
390,0.995,0.993
391,0.995,0.995
392,0.996,0.997
393,0.996,0.995
394,0.995,0.997
395,0.993,0.993
396,0.998,0.997
397,0.995,0.996
398,0.996,0.994
399,0.995,0.994
400,0.994,0.997
401,0.994,0.996
402,0.996,0.992
403,0.996,0.989
404,0.997,0.995
405,0.994,0.993
406,0.994,0.992
407,0.994,0.994
408,0.995,0.993
409,0.994,0.993
410,0.995,0.994
411,0.996,0.995
412,0.994,0.993
413,0.996,0.993
414,0.994,0.992
415,0.994,0.992
416,0.996,0.992
417,0.992,0.995
418,0.996,0.996
419,0.995,0.996
420,0.994,0.991
421,0.995,0.998
422,0.994,0.995
423,0.995,0.995
424,0.996,0.995
425,0.993,0.992
426,0.994,0.992
427,0.995,0.997
428,0.994,0.994
429,0.996,0.994
430,0.994,0.993
431,0.995,0.994
432,0.995,0.995
433,0.996,0.995
434,0.994,0.995
435,0.995,0.996
436,0.995,0.995
437,0.994,0.995
438,0.996,0.993
439,0.994,0.995
440,0.996,0.998
441,0.996,0.996
442,0.998,0.995
443,0.996,0.993
444,0.995,0.995
445,0.996,0.995
446,0.995,0.994
447,0.997,0.995
448,0.996,0.997
449,0.995,0.993
450,0.995,0.996
451,0.994,0.997
452,0.993,0.993
453,0.995,0.995
454,0.994,0.998
455,0.994,0.993
456,0.996,0.994
457,0.998,0.997
458,0.994,0.989
459,0.997,0.995
460,0.991,0.995
461,0.996,0.997
462,0.993,0.991
463,0.995,0.996
464,0.994,0.992
465,0.996,0.994
466,0.992,0.991
467,0.995,0.997
468,0.993,0.992
469,0.994,0.992
470,0.995,0.993
471,0.995,0.992
472,0.994,0.998
473,0.996,0.998
474,0.995,0.994
475,0.997,0.995
476,0.994,0.997
477,0.995,0.995
478,0.996,0.994
479,0.995,0.994
480,0.995,0.995
481,0.995,0.997
482,0.996,0.997
483,0.996,0.995
484,0.997,0.992
485,0.996,0.996
486,0.995,0.992
487,0.996,0.995
488,0.995,0.994
489,0.996,0.996
490,0.993,0.996
491,0.994,0.995
492,0.994,0.994
493,0.996,0.992
494,0.994,0.994
495,0.994,0.997
496,0.995,0.995
497,0.995,0.996
498,0.995,0.995
499,0.994,0.996
500,0.994,0.995
501,0.996,0.993
502,0.998,0.996
503,0.995,0.992
504,0.993,0.997
505,0.996,0.994
506,0.996,0.995
507,0.994,0.992
508,0.993,0.995
509,0.996,0.997
510,0.994,0.996
511,0.996,0.995
512,0.995,0.993
513,0.996,0.998
514,0.995,0.998
515,0.996,0.999
516,0.996,0.998
517,0.995,0.997
518,0.995,0.994
519,0.996,0.992
520,0.996,0.995
521,0.996,0.991
522,0.996,0.995
523,0.996,0.996
524,0.995,0.994
525,0.995,0.989
526,0.997,0.996
527,0.995,0.993
528,0.996,0.994
529,0.995,0.989
530,0.996,0.996
531,0.996,0.998
532,0.995,0.993
533,0.996,0.993
534,0.993,0.995
535,0.996,0.993
536,0.995,0.993
537,0.994,0.996
538,0.995,0.994
539,0.995,0.996
540,0.996,0.991
541,0.995,0.997
542,0.995,0.995
543,0.996,0.995
544,0.996,0.996
545,0.998,0.997
546,0.997,0.995
547,0.996,0.994
548,0.993,0.989
549,0.996,0.995
550,0.994,0.991
551,0.995,0.998
552,0.995,0.996
553,0.994,0.993
554,0.994,0.997
555,0.996,0.997
556,0.994,0.996
557,0.995,0.995
558,0.995,0.998
559,0.997,0.998
560,0.996,0.991
561,0.995,0.994
562,0.996,0.995
563,0.995,0.994
564,0.994,0.994
565,0.995,0.996
566,0.996,0.994
567,0.995,0.995
568,0.996,0.997
569,0.992,0.989
570,0.995,0.991
571,0.996,0.995
572,0.997,0.996
573,0.994,0.996
574,0.995,0.992
575,0.996,0.998
576,0.995,0.997
577,0.995,0.996
578,0.996,0.996
579,0.995,0.991
580,0.995,0.997
581,0.994,0.99
582,0.997,0.998
583,0.994,0.992
584,0.996,0.997
585,0.995,0.995
586,0.997,0.998
587,0.996,0.995
588,0.997,0.995
589,0.996,0.998
590,0.996,0.992
591,0.994,0.998
592,0.994,0.994
593,0.993,0.992
594,0.996,0.993
595,0.996,0.992
596,0.994,0.994
597,0.996,0.995
598,0.995,0.996
599,0.995,0.993
600,0.996,0.995
601,0.994,0.993
602,0.996,0.997
603,0.994,0.994
604,0.995,0.995
605,0.995,0.994
606,0.996,0.994
607,0.995,0.992
608,0.995,0.993
609,0.996,0.998
610,0.998,0.994
611,0.995,0.998
612,0.996,0.995
613,0.996,0.997
614,0.996,0.995
615,0.995,0.996
616,0.998,0.992
617,0.996,0.998
618,0.997,0.994
619,0.996,0.995
620,0.995,0.994
621,0.995,0.997
622,0.997,0.993
623,0.997,0.993
624,0.995,0.995
625,0.995,0.992
626,0.996,0.995
627,0.996,0.994
628,0.996,0.997
629,0.994,0.995
630,0.996,0.995
631,0.995,0.996
632,0.997,0.995
633,0.996,0.996
634,0.995,0.994
635,0.994,0.997
636,0.995,0.996
637,0.996,0.996
638,0.996,0.996
639,0.996,0.996
640,0.996,0.99
641,0.995,0.993
642,0.994,0.993
643,0.994,0.992
644,0.994,0.997
645,0.996,0.994
646,0.996,0.995
647,0.995,0.996
648,0.997,0.996
649,0.995,0.995
650,0.996,0.995
651,0.995,0.995
652,0.996,0.992
653,0.996,0.997
654,0.997,0.995
655,0.995,0.998
656,0.998,0.997
657,0.997,0.997
658,0.993,0.993
659,0.996,0.996
660,0.995,0.993
661,0.996,0.993
662,0.996,0.994
663,0.998,0.997
664,0.995,0.996
665,0.997,0.994
666,0.996,0.997
667,0.997,0.995
668,0.997,0.994
669,0.995,0.996
670,0.997,0.994
671,0.994,0.993
672,0.994,0.994
673,0.996,0.995
674,0.995,0.993
675,0.996,0.997
676,0.995,0.994
677,0.998,0.998
678,0.995,0.995
679,0.997,0.996
680,0.996,0.995
681,0.995,0.993
682,0.994,0.992
683,0.996,0.996
684,0.996,0.993
685,0.997,0.996
686,0.996,0.996
687,0.996,0.994
688,0.997,0.997
689,0.996,0.996
690,0.996,0.993
691,0.996,0.995
692,0.994,0.995
693,0.994,0.994
694,0.998,0.993
695,0.996,0.993
696,0.996,0.997
697,0.996,0.994
698,0.996,0.995
699,0.998,0.996
700,0.997,0.995
701,0.996,0.994
702,0.996,0.994
703,0.996,0.995
704,0.996,0.994
705,0.996,0.996
706,0.996,0.99
707,0.996,0.994
708,0.994,0.996
709,0.996,0.996
710,0.996,0.996
711,0.997,0.997
712,0.997,0.995
713,0.996,0.996
714,0.994,0.994
715,0.996,0.997
716,0.998,0.997
717,0.994,0.994
718,0.996,0.992
719,0.995,0.991
720,0.996,0.998
721,0.996,0.994
722,0.994,0.993
723,0.996,0.997
724,0.996,0.996
725,0.997,0.996
726,0.997,0.997
727,0.994,0.995
728,0.996,0.997
729,0.996,0.996
730,0.996,0.993
731,0.997,0.998
732,0.996,0.995
733,0.998,0.995
734,0.996,0.996
735,0.995,0.997
736,0.996,0.995
737,0.996,0.996
738,0.996,0.996
739,0.995,0.998
740,0.996,0.998
741,0.997,0.996
742,0.997,0.995
743,0.997,0.997
744,0.995,0.993
745,0.995,0.994
746,0.997,0.996
747,0.995,0.991
748,0.996,0.994
749,0.996,0.998
750,0.996,0.995
751,0.997,0.995
752,0.994,0.995
753,0.997,0.993
754,0.996,0.997
755,0.996,0.998
756,0.996,0.997
757,0.997,0.998
758,0.995,0.996
759,0.997,0.993
760,0.994,0.996
761,0.996,0.999
762,0.995,0.995
763,0.994,0.994
764,0.995,0.994
765,0.997,0.993
766,0.997,0.995
767,0.998,0.995
768,0.996,0.994
769,0.994,0.995
770,0.994,0.995
771,0.994,0.992
772,0.997,0.997
773,0.997,0.995
774,0.995,0.994
775,0.997,0.996
776,0.997,0.997
777,0.995,0.994
778,0.996,0.997
779,0.996,0.996
780,0.995,0.996
781,0.997,0.998
782,0.996,0.997
783,0.995,0.997
784,0.996,0.995
785,0.997,0.996
786,0.996,0.996
787,0.996,0.998
788,0.998,0.997
789,0.996,0.997
790,0.995,0.996
791,0.994,0.998
792,0.996,0.996
793,0.998,0.993
794,0.997,0.995
795,0.997,0.997
796,0.997,0.993
797,0.994,0.998
798,0.997,0.997
799,0.996,0.992
800,0.996,0.994
801,0.996,0.997
802,0.996,0.998
803,0.996,0.993
804,0.998,0.995
805,0.998,0.999
806,0.997,0.992
807,0.994,0.997
808,0.996,0.997
809,0.995,0.994
810,0.996,0.997
811,0.996,0.993
812,0.996,0.997
813,0.995,0.993
814,0.996,0.996
815,0.997,0.997
816,0.996,0.998
817,0.997,0.994
818,0.995,0.995
819,0.996,0.994
820,0.996,0.996
821,0.998,0.997
822,0.997,0.998
823,0.996,0.996
824,0.996,0.997
825,0.996,0.997
826,0.996,0.996
827,0.996,0.994
828,0.997,0.997
829,0.996,0.997
830,0.995,0.993
831,0.996,0.995
832,0.997,0.992
833,0.997,0.997
834,0.995,0.992
835,0.996,0.996
836,0.996,0.996
837,0.995,0.997
838,0.996,0.997
839,0.995,0.992
840,0.996,0.997
841,0.996,0.997
842,0.996,0.994
843,0.996,0.997
844,0.995,0.99
845,0.996,0.997
846,0.998,0.992
847,0.997,0.997
848,0.997,0.995
849,0.996,0.994
850,0.997,0.995
851,0.998,0.995
852,0.996,0.997
853,0.995,0.992
854,0.996,0.997
855,0.996,0.997
856,0.996,0.996
857,0.996,0.995
858,0.995,0.994
859,0.996,0.995
860,0.996,0.998
861,0.996,0.993
862,0.996,0.995
863,0.996,0.995
864,0.997,0.996
865,0.994,0.993
866,0.996,0.995
867,0.997,0.994
868,0.997,0.994
869,0.997,0.998
870,0.996,0.994
871,0.997,0.997
872,0.996,0.995
873,0.995,0.997
874,0.997,0.997
875,0.996,0.998
876,0.997,0.996
877,0.995,0.993
878,0.996,0.997
879,0.996,0.996
880,0.996,0.995
881,0.996,0.996
882,0.995,0.995
883,0.996,0.994
884,0.994,0.997
885,0.996,0.995
886,0.998,0.998
887,0.997,0.998
888,0.996,0.997
889,0.995,0.997
890,0.996,0.997
891,0.997,0.997
892,0.997,0.995
893,0.996,0.99
894,0.997,0.998
895,0.996,0.993
896,0.998,0.997
897,0.998,0.995
898,0.997,0.996
899,0.996,0.993
900,0.997,0.995
901,0.997,0.997
902,0.996,0.998
903,0.996,0.998
904,0.996,0.996
905,0.996,0.995
906,0.996,0.996
907,0.996,0.993
908,0.996,0.992
909,0.994,0.993
910,0.997,0.995
911,0.996,0.996
912,0.996,0.998
913,0.996,0.994
914,0.998,0.997
915,0.997,0.998
916,0.994,0.998
917,0.995,0.996
918,0.996,0.998
919,0.997,0.996
920,0.996,0.994
921,0.997,0.996
922,0.996,0.994
923,0.995,0.996
924,0.998,0.998
925,0.997,0.996
926,0.995,0.991
927,0.996,0.995
928,0.997,0.995
929,0.996,0.996
930,0.996,0.994
931,0.998,0.995
932,0.996,0.994
933,0.997,0.995
934,0.996,0.996
935,0.997,0.998
936,0.997,0.998
937,0.996,0.995
938,0.995,0.998
939,0.995,0.993
940,0.996,0.994
941,0.995,0.993
942,0.998,0.998
943,0.996,0.995
944,0.997,0.996
945,0.997,0.992
946,0.997,0.995
947,0.996,0.997
948,0.997,0.997
949,0.995,0.994
950,0.994,0.996
951,0.996,0.996
952,0.997,0.996
953,0.996,0.994
954,0.995,0.996
955,0.997,0.997
956,0.997,0.999
957,0.996,0.995
958,0.996,0.998
959,0.996,0.996
960,0.993,0.997
961,0.998,0.996
962,0.996,0.998
963,0.997,0.998
964,0.998,0.998
965,0.996,0.998
966,0.996,0.995
967,0.998,0.994
968,0.997,0.996
969,0.997,0.999
970,0.996,0.995
971,0.997,0.997
972,0.998,0.996
973,0.997,0.996
974,0.995,0.998
975,0.996,0.994
976,0.996,0.992
977,0.996,0.997
978,0.998,0.992
979,0.996,0.998
980,0.996,0.995
981,0.997,0.998
982,0.996,0.995
983,0.996,0.996
984,0.996,0.996
985,0.997,0.995
986,0.996,0.999
987,0.996,0.995
988,0.996,0.992
989,0.996,0.997
990,0.996,0.998
991,0.997,0.995
992,0.994,1.0
993,0.997,0.999
994,0.996,0.995
995,0.995,0.997
996,0.996,0.998
997,0.996,0.996
998,0.996,0.995
999,0.998,0.995
1000,0.996,0.999
1001,0.997,0.998
1002,0.997,0.996
1003,0.996,0.997
1004,0.996,0.996
1005,0.998,0.998
1006,0.996,0.997
1007,0.996,0.997
1008,0.994,0.994
1009,0.998,0.994
1010,0.997,0.996
1011,0.996,0.993
1012,0.996,0.996
1013,0.996,0.995
1014,0.997,0.997
1015,0.998,0.997
1016,0.994,0.996
1017,0.998,0.997
1018,0.997,0.997
1019,0.997,0.996
1020,0.995,0.997
1021,0.996,0.998
1022,0.995,0.994
1023,0.996,0.991
1024,0.997,0.996
1025,0.997,0.996
1026,0.997,0.995
1027,0.995,0.999
1028,0.998,0.994
1029,0.996,0.993
1030,0.998,0.994
1031,0.996,0.993
1032,0.996,0.997
1033,0.996,0.996
1034,0.996,0.997
1035,0.998,0.996
1036,0.996,0.99
1037,0.996,0.995
1038,0.996,0.997
1039,0.997,0.997
1040,0.997,0.998
1041,0.997,0.996
1042,0.999,0.996
1043,0.998,0.997
1044,0.996,0.994
1045,0.998,0.995
1046,0.998,0.995
1047,0.996,0.998
1048,0.998,0.996
1049,0.997,0.996
1050,0.998,0.998
1051,0.998,1.0
1052,0.998,0.997
1053,0.996,0.996
1054,0.998,0.998
1055,0.997,0.997
1056,0.997,0.995
1057,0.997,0.993
1058,0.996,0.997
1059,0.996,0.998
1060,0.996,0.994
1061,0.997,0.996
1062,0.996,0.997
1063,0.998,0.995
1064,0.996,0.999
1065,0.998,0.998
1066,0.996,0.994
1067,0.996,0.996
1068,0.996,0.995
1069,0.996,0.993
1070,0.996,0.997
1071,0.996,0.998
1072,0.996,0.994
1073,0.996,0.995
1074,0.996,0.997
1075,0.998,0.995
1076,0.996,0.994
1077,0.998,0.995
1078,0.996,0.997
1079,0.997,0.994
1080,0.996,0.996
1081,0.996,0.998
1082,0.996,0.994
1083,0.995,0.992
1084,0.997,0.997
1085,0.997,0.992
1086,0.997,0.996
1087,0.998,0.997
1088,0.997,0.996
1089,0.998,0.999
1090,0.996,0.998
1091,0.998,0.996
1092,0.998,0.995
1093,0.996,0.995
1094,0.996,0.998
1095,0.998,0.998
1096,0.996,0.998
1097,0.997,0.994
1098,0.997,0.997
1099,0.997,0.998
1100,0.995,0.996
1101,0.996,0.995
1102,0.997,0.996
1103,0.996,0.997
1104,0.997,0.999
1105,0.997,0.998
1106,0.998,0.995
1107,0.996,0.996
1108,0.997,0.998
1109,0.996,0.997
1110,0.995,0.994
1111,0.996,0.995
1112,0.998,0.996
1113,0.996,0.998
1114,0.996,0.996
1115,0.998,0.997
1116,0.998,0.995
1117,0.996,0.994
1118,0.999,0.997
1119,0.997,0.996
1120,0.995,0.996
1121,0.998,0.996
1122,0.996,0.997
1123,0.996,0.996
1124,0.998,0.996
1125,0.994,0.995
1126,0.996,0.996
1127,0.998,0.998
1128,0.996,0.997
1129,0.998,0.997
1130,0.996,0.994
1131,0.996,0.996
1132,0.995,0.997
1133,0.996,0.995
1134,0.996,0.996
1135,0.994,0.992
1136,0.995,0.996
1137,0.997,0.998
1138,0.996,0.996
1139,0.996,0.997
1140,0.998,0.995
1141,0.996,0.992
1142,0.998,0.998
1143,0.998,0.994
1144,0.996,0.993
1145,0.998,0.995
1146,0.996,0.996
1147,0.998,0.994
1148,0.997,0.994
1149,0.997,0.996
1150,0.996,0.994
1151,0.998,0.998
1152,0.997,0.998
1153,0.996,0.996
1154,0.997,0.996
1155,0.996,0.996
1156,0.996,0.993
1157,0.997,0.996
1158,0.997,0.996
1159,0.997,0.996
1160,0.997,0.998
1161,0.997,0.996
1162,0.996,0.996
1163,0.996,0.998
1164,0.997,0.997
1165,0.996,0.997
1166,0.996,0.999
1167,0.997,0.993
1168,0.997,0.997
1169,0.995,0.996
1170,0.996,0.995
1171,0.995,0.993
1172,0.997,0.992
1173,0.998,0.995
1174,0.997,0.996
1175,0.998,0.996
1176,0.994,0.997
1177,0.996,0.996
1178,0.996,0.996
1179,0.996,0.993
1180,0.996,0.999
1181,0.996,0.996
1182,0.996,0.993
1183,0.996,0.997
1184,0.996,0.997
1185,0.998,0.998
1186,0.997,0.998
1187,0.997,0.995
1188,0.996,0.997
1189,0.997,0.998
1190,0.997,0.997
1191,0.997,0.995
1192,0.997,0.997
1193,0.997,0.996
1194,0.996,0.994
1195,0.997,0.996
1196,0.996,0.996
1197,0.996,0.998
1198,0.997,0.996
1199,0.996,0.997
1200,0.996,0.997
1201,0.996,0.996
1202,0.998,0.997
1203,0.997,0.999
1204,0.997,0.996
1205,0.996,0.996
1206,0.996,0.999
1207,0.998,0.996
1208,0.995,0.994
1209,0.996,0.995
1210,0.997,0.996
1211,0.996,0.994
1212,0.998,0.996
1213,0.994,0.996
1214,0.996,0.994
1215,0.996,0.997
1216,0.997,0.994
1217,0.996,0.995
1218,0.996,0.995
1219,0.998,0.998
1220,0.996,0.998
1221,0.996,0.994
1222,0.996,0.993
1223,0.998,0.993
1224,0.997,0.995
1225,0.997,0.997
1226,0.997,0.998
1227,0.996,0.993
1228,0.997,0.995
1229,0.998,0.995
1230,0.996,0.997
1231,0.996,0.999
1232,0.996,0.996
1233,0.998,0.997
1234,0.996,0.995
1235,0.998,0.994
1236,0.995,0.995
1237,0.998,0.995
1238,0.997,0.994
1239,0.996,0.998
1240,0.996,0.995
1241,0.996,0.993
1242,0.996,0.996
1243,0.998,0.997
1244,0.997,0.993
1245,0.997,0.997
1246,0.996,0.998
1247,0.997,0.998
1248,0.998,0.995
1249,0.998,0.996
1250,0.997,0.995
1251,0.997,0.997
1252,0.996,0.995
1253,0.997,0.997
1254,0.998,0.998
1255,0.997,0.997
1256,0.998,0.995
1257,0.996,0.994
1258,0.996,0.995
1259,0.997,0.997
1260,0.998,0.996
1261,0.997,0.996
1262,0.996,0.997
1263,0.996,0.997
1264,0.997,0.992
1265,0.997,0.996
1266,0.997,0.994
1267,0.996,0.993
1268,0.996,0.997
1269,0.997,0.995
1270,0.997,0.998
1271,0.996,0.995
1272,0.998,0.995
1273,0.997,0.994
1274,0.996,0.995
1275,0.997,0.998
1276,0.998,0.998
1277,0.997,0.993
1278,0.997,0.998
1279,0.996,0.992
1280,0.997,0.998
1281,0.997,0.996
1282,0.997,0.996
1283,0.998,0.995
1284,0.998,0.998
1285,0.996,0.997
1286,0.998,0.997
1287,0.997,0.998
1288,0.997,0.997
1289,0.998,0.999
1290,0.998,0.999
1291,0.996,0.997
1292,0.996,0.998
1293,0.997,0.998
1294,0.997,0.997
1295,0.998,0.998
1296,0.997,0.997
1297,0.998,0.993
1298,0.998,0.998
1299,0.996,0.999
1300,0.997,0.997
1301,0.996,0.996
1302,0.996,0.997
1303,0.998,0.995
1304,0.997,0.999
1305,0.996,0.994
1306,0.995,0.997
1307,0.996,0.996
1308,0.998,0.997
1309,0.998,0.996
1310,0.997,0.996
1311,0.998,0.997
1312,0.998,0.998
1313,0.997,0.995
1314,0.997,0.998
1315,0.998,0.999
1316,0.996,0.999
1317,0.997,0.997
1318,0.996,0.996
1319,0.997,0.995
1320,0.997,0.995
1321,0.996,0.997
1322,0.996,0.991
1323,0.996,0.994
1324,0.997,0.997
1325,0.996,0.992
1326,0.998,0.997
1327,0.996,0.999
1328,0.996,0.994
1329,0.997,0.997
1330,0.996,0.997
1331,0.997,0.998
1332,0.995,0.994
1333,0.997,0.994
1334,0.995,0.995
1335,0.996,0.997
1336,0.997,0.996
1337,0.996,0.996
1338,0.996,0.999
1339,0.996,0.996
1340,0.996,0.999
1341,0.998,0.995
1342,0.996,0.997
1343,0.996,0.998
1344,0.997,0.997
1345,0.998,0.998
1346,0.996,0.998
1347,0.997,0.992
1348,0.997,0.997
1349,0.998,0.997
1350,0.996,0.997
1351,0.998,0.997
1352,0.996,0.995
1353,0.996,0.996
1354,0.997,0.996
1355,0.996,0.996
1356,0.998,0.994
1357,0.996,0.993
1358,0.998,0.997
1359,0.995,0.995
1360,0.995,0.994
1361,0.998,0.995
1362,0.998,0.998
1363,0.996,0.995
1364,0.996,0.998
1365,0.997,0.994
1366,0.996,0.999
1367,0.996,0.998
1368,0.996,0.994
1369,0.996,0.994
1370,0.997,0.999
1371,0.997,0.998
1372,0.996,0.996
1373,0.997,0.998
1374,0.996,0.997
1375,0.996,0.996
1376,0.996,0.995
1377,0.995,0.997
1378,0.998,0.998
1379,0.998,0.997
1380,0.998,0.996
1381,0.997,0.997
1382,0.997,0.995
1383,0.996,0.998
1384,0.998,0.996
1385,0.996,0.998
1386,0.997,0.998
1387,0.997,0.997
1388,0.998,0.997
1389,0.997,0.997
1390,0.995,0.998
1391,0.998,0.995
1392,0.996,0.998
1393,0.998,0.997
1394,0.997,0.996
1395,0.998,0.996
1396,0.998,0.998
1397,0.996,0.995
1398,0.996,0.997
1399,0.999,0.998
1400,0.997,0.997
1401,0.997,0.997
1402,0.997,0.998
1403,0.998,1.0
1404,0.998,0.998
1405,0.997,0.997
1406,0.998,0.993
1407,0.998,0.997
1408,0.996,0.998
1409,0.997,0.993
1410,0.997,0.994
1411,0.998,0.998
1412,0.997,0.999
1413,0.996,0.994
1414,0.996,0.996
1415,0.996,0.997
1416,0.996,0.997
1417,0.998,0.998
1418,0.996,0.998
1419,0.997,0.993
1420,0.997,0.996
1421,0.997,0.997
1422,0.998,0.998
1423,0.996,0.997
1424,0.997,0.998
1425,0.997,0.999
1426,0.996,0.995
1427,0.998,0.996
1428,0.996,0.994
1429,0.998,0.998
1430,0.996,0.994
1431,0.996,0.998
1432,0.996,0.996
1433,0.998,0.996
1434,0.996,0.995
1435,0.996,0.996
1436,0.998,0.998
1437,0.997,0.997
1438,0.996,0.992
1439,0.997,0.997
1440,0.997,0.997
1441,0.998,0.995
1442,0.998,0.996
1443,0.998,0.999
1444,0.996,0.999
1445,0.998,0.998
1446,0.997,0.999
1447,0.996,0.996
1448,0.998,0.996
1449,0.998,0.999
1450,0.996,0.996
1451,0.998,0.996
1452,0.998,0.995
1453,0.997,0.997
1454,0.996,0.995
1455,0.997,0.995
1456,0.997,0.997
1457,0.997,0.995
1458,0.995,0.996
1459,0.995,0.995
1460,0.997,0.997
1461,0.998,0.996
1462,0.996,0.996
1463,0.997,0.996
1464,0.996,0.998
1465,0.996,0.998
1466,0.996,0.996
1467,0.998,0.995
1468,0.996,0.998
1469,0.996,0.994
1470,0.995,0.995
1471,0.996,0.997
1472,0.998,0.997
1473,0.998,0.995
1474,0.996,0.996
1475,0.997,0.997
1476,0.997,0.996
1477,0.997,0.994
1478,0.997,0.994
1479,0.997,0.996
1480,0.998,0.997
1481,0.996,0.998
1482,0.997,0.998
1483,0.995,0.997
1484,0.998,0.996
1485,0.996,0.998
1486,0.997,0.997
1487,0.998,0.997
1488,0.998,0.996
1489,0.996,0.993
1490,0.997,0.998
1491,0.997,0.996
1492,0.997,0.996
1493,0.997,0.996
1494,0.998,0.998
1495,0.997,0.996
1496,0.997,0.997
1497,0.998,0.996
1498,0.998,0.996
1499,0.998,0.998
1500,0.998,0.997
1501,0.998,0.999
1502,0.998,0.997
1503,0.996,0.999
1504,0.997,0.998
1505,0.997,0.999
1506,0.999,0.998
1507,0.996,0.999
1508,0.997,0.998
1509,0.996,0.996
1510,0.997,0.999
1511,0.998,0.998
1512,0.996,0.996
1513,0.997,0.996
1514,0.997,0.997
1515,0.995,0.994
1516,0.996,0.996
1517,0.996,0.995
1518,0.998,0.997
1519,0.995,0.997
1520,0.996,0.997
1521,0.996,0.995
1522,0.997,0.996
1523,0.998,0.994
1524,0.995,0.999
1525,0.996,0.996
1526,0.998,0.996
1527,0.997,0.998
1528,0.998,0.996
1529,0.996,0.993
1530,0.998,0.996
1531,0.997,0.995
1532,0.998,0.999
1533,0.997,0.998
1534,0.997,0.996
1535,0.996,0.996
1536,0.996,0.995
1537,0.996,0.994
1538,0.996,0.994
1539,0.997,0.996
1540,0.998,0.997
1541,0.996,0.996
1542,0.997,0.996
1543,0.998,0.997
1544,0.998,0.996
1545,0.997,0.997
1546,0.996,0.998
1547,0.998,0.997
1548,0.997,0.998
1549,0.997,0.996
1550,0.997,0.997
1551,0.998,0.997
1552,0.997,0.998
1553,0.998,0.997
1554,0.995,0.992
1555,0.997,0.996
1556,0.997,0.997
1557,0.997,0.993
1558,0.998,0.998
1559,0.996,0.993
1560,0.997,0.999
1561,0.995,1.0
1562,0.996,0.997
1563,0.996,0.996
1564,0.996,0.996
1565,0.997,0.998
1566,0.996,0.998
1567,0.998,0.995
1568,0.996,0.998
1569,0.997,0.995
1570,0.997,0.996
1571,0.998,0.999
1572,0.999,0.998
1573,0.997,0.991
1574,0.995,0.995
1575,0.996,0.994
1576,0.996,0.995
1577,0.998,0.998
1578,0.997,0.998
1579,0.998,0.998
1580,0.997,0.993
1581,0.999,0.998
1582,0.998,0.997
1583,0.996,0.998
1584,0.998,0.996
1585,0.998,0.997
1586,0.995,0.995
1587,0.996,0.997
1588,0.997,0.996
1589,0.996,0.996
1590,0.996,0.996
1591,0.998,0.995
1592,0.997,0.997
1593,0.996,0.996
1594,0.996,0.995
1595,0.996,0.998
1596,0.998,0.998
1597,0.996,0.994
1598,0.997,0.995
1599,0.998,0.997
1600,0.997,0.998
1601,0.996,0.994
1602,0.998,0.998
1603,0.998,0.995
1604,0.997,0.998
1605,0.996,0.997
1606,0.998,0.997
1607,0.997,0.997
1608,0.997,0.997
1609,0.997,0.999
1610,0.998,0.997
1611,0.997,0.995
1612,0.995,0.994
1613,0.997,0.996
1614,0.996,0.995
1615,0.998,0.997
1616,0.998,0.996
1617,0.998,0.998
1618,0.996,0.996
1619,0.998,0.998
1620,0.998,0.996
1621,0.997,0.997
1622,0.997,0.998
1623,0.997,0.998
1624,0.997,0.996
1625,0.998,0.998
1626,0.996,0.998
1627,0.997,0.994
1628,0.998,0.998
1629,0.996,0.996
1630,0.998,0.995
1631,0.998,0.997
1632,0.996,0.997
1633,0.998,0.997
1634,0.996,0.997
1635,0.998,0.999
1636,0.997,0.996
1637,0.996,0.996
1638,0.996,0.997
1639,0.999,0.997
1640,0.997,0.994
1641,0.996,0.997
1642,0.998,0.997
1643,0.998,0.997
1644,0.998,0.997
1645,0.997,0.999
1646,0.998,0.997
1647,0.998,0.995
1648,0.998,0.998
1649,0.996,0.996
1650,0.997,0.993
1651,0.998,0.997
1652,0.997,0.995
1653,0.998,0.997
1654,0.996,0.995
1655,0.996,0.992
1656,0.997,0.997
1657,0.997,0.994
1658,0.998,0.998
1659,0.996,0.998
1660,0.997,0.998
1661,0.997,0.995
1662,0.997,0.996
1663,0.997,0.997
1664,0.997,0.997
1665,0.998,0.997
1666,0.997,0.998
1667,0.996,0.995
1668,0.998,0.999
1669,0.998,0.996
1670,0.996,0.998
1671,0.996,0.996
1672,0.997,0.995
1673,0.996,0.997
1674,0.997,0.998
1675,0.998,0.997
1676,0.996,0.995
1677,0.996,0.999
1678,0.996,0.997
1679,0.998,1.0
1680,0.997,0.999
1681,0.998,0.999
1682,0.998,0.997
1683,0.996,0.996
1684,0.997,0.995
1685,0.998,0.998
1686,0.997,1.0
1687,0.999,0.999
1688,0.998,0.999
1689,0.997,0.997
1690,0.998,0.995
1691,0.999,0.996
1692,0.999,0.999
1693,0.998,0.998
1694,0.997,0.997
1695,0.998,0.997
1696,0.996,0.996
1697,0.996,0.996
1698,0.995,0.996
1699,0.996,0.998
1700,0.998,0.997
1701,0.996,0.998
1702,0.997,0.997
1703,0.997,0.996
1704,0.996,0.994
1705,0.997,0.997
1706,0.998,0.997
1707,0.998,0.998
1708,0.998,0.997
1709,0.998,0.997
1710,0.999,0.996
1711,0.996,1.0
1712,0.998,0.997
1713,0.995,0.999
1714,0.998,0.995
1715,0.996,0.999
1716,0.998,0.998
1717,0.996,0.996
1718,0.995,0.993
1719,0.998,0.998
1720,0.996,0.998
1721,0.998,0.997
1722,0.998,0.997
1723,0.997,0.999
1724,0.996,0.998
1725,0.997,0.996
1726,0.998,0.996
1727,0.998,0.997
1728,0.997,0.999
1729,0.996,0.994
1730,0.998,0.998
1731,0.998,0.997
1732,0.999,0.994
1733,0.998,0.997
1734,0.997,0.999
1735,0.998,0.996
1736,0.999,0.997
1737,0.997,0.997
1738,0.998,0.996
1739,0.998,0.997
1740,0.998,0.999
1741,0.995,0.994
1742,0.997,0.996
1743,0.997,0.996
1744,0.998,0.997
1745,0.996,0.994
1746,0.998,0.995
1747,0.998,0.997
1748,0.998,0.997
1749,0.996,0.995
1750,0.997,0.998
1751,0.996,0.996
1752,0.994,0.995
1753,0.996,0.995
1754,0.997,0.995
1755,0.997,0.996
1756,0.996,0.994
1757,0.996,0.998
1758,0.996,0.997
1759,0.996,0.997
1760,0.998,0.996
1761,0.996,0.996
1762,0.996,0.997
1763,0.996,0.999
1764,0.995,0.998
1765,0.998,0.998
1766,0.997,0.998
1767,0.998,0.999
1768,0.997,0.997
1769,0.998,0.996
1770,0.998,0.999
1771,0.998,0.997
1772,0.997,0.997
1773,0.998,0.997
1774,0.996,0.995
1775,0.998,0.994
1776,0.996,0.994
1777,0.998,0.995
1778,0.997,0.994
1779,0.998,0.996
1780,0.996,0.997
1781,0.998,0.997
1782,0.998,0.998
1783,0.998,0.997
1784,0.997,0.996
1785,0.997,0.996
1786,0.998,0.997
1787,0.999,0.998
1788,0.998,0.997
1789,0.996,0.997
1790,0.997,0.997
1791,0.998,0.998
1792,0.998,0.998
1793,0.998,0.999
1794,0.996,0.998
1795,0.998,0.997
1796,0.997,0.997
1797,0.998,0.994
1798,0.996,0.997
1799,0.998,0.998
1800,0.998,0.997
1801,0.996,0.995
1802,0.998,0.995
1803,0.996,0.998
1804,0.996,0.995
1805,0.998,0.995
1806,0.998,0.997
1807,0.997,0.996
1808,0.995,0.998
1809,0.998,0.996
1810,0.997,0.996
1811,0.998,0.998
1812,0.996,0.995
1813,0.998,0.998
1814,0.998,0.998
1815,0.996,0.995
1816,0.998,0.996
1817,0.998,0.995
1818,0.998,0.997
1819,0.996,0.997
1820,0.997,0.995
1821,0.996,0.997
1822,0.997,0.998
1823,0.998,0.997
1824,0.996,0.993
1825,0.997,0.996
1826,0.997,0.991
1827,0.998,0.999
1828,0.998,0.997
1829,0.997,0.996
1830,0.996,0.992
1831,0.998,0.998
1832,0.997,0.999
1833,0.998,0.997
1834,0.998,0.999
1835,0.996,0.996
1836,0.998,0.996
1837,0.996,0.998
1838,0.998,0.997
1839,0.997,0.997
1840,0.997,0.996
1841,0.998,0.998
1842,0.997,0.996
1843,0.996,0.996
1844,0.998,0.995
1845,0.998,0.995
1846,0.998,0.997
1847,0.996,0.996
1848,0.998,0.999
1849,0.998,0.999
1850,0.998,0.997
1851,0.998,0.998
1852,0.998,0.996
1853,0.999,0.998
1854,0.997,0.999
1855,0.998,0.993
1856,0.998,0.995
1857,0.998,0.998
1858,0.997,0.995
1859,0.996,0.998
1860,0.998,0.995
1861,0.996,0.996
1862,0.996,0.996
1863,0.998,0.997
1864,0.998,0.998
1865,0.998,0.996
1866,0.998,0.996
1867,0.998,0.997
1868,0.997,0.995
1869,0.997,0.997
1870,0.998,0.996
1871,0.998,0.997
1872,0.997,0.997
1873,0.996,0.994
1874,0.998,0.999
1875,0.998,0.995
1876,0.998,0.998
1877,0.997,0.994
1878,0.998,0.997
1879,0.998,0.996
1880,0.997,0.997
1881,0.999,0.999
1882,0.998,0.995
1883,0.997,0.997
1884,0.997,0.998
1885,0.996,0.998
1886,0.996,0.996
1887,0.997,0.996
1888,0.998,0.999
1889,0.998,0.997
1890,0.997,0.994
1891,0.996,0.998
1892,0.997,0.998
1893,0.997,0.999
1894,0.996,0.997
1895,0.996,0.998
1896,0.996,0.997
1897,0.998,0.995
1898,0.997,0.998
1899,0.998,0.997
1900,0.998,0.998
1901,0.997,0.997
1902,0.998,0.998
1903,0.998,0.998
1904,0.998,0.999
1905,0.997,0.997
1906,0.998,0.996
1907,0.998,0.998
1908,0.997,0.997
1909,0.998,0.996
1910,0.997,0.999
1911,0.996,0.995
1912,0.995,0.997
1913,0.997,0.998
1914,0.996,0.999
1915,0.997,0.995
1916,0.998,0.998
1917,0.998,0.998
1918,0.998,0.997
1919,0.998,0.995
1920,0.997,0.997
1921,0.996,0.994
1922,0.996,0.994
1923,0.997,0.998
1924,0.998,0.997
1925,0.998,0.995
1926,0.995,0.995
1927,0.998,0.993
1928,0.997,0.997
1929,0.997,0.996
1930,0.997,0.997
1931,0.997,0.998
1932,0.996,0.994
1933,0.998,0.996
1934,0.998,0.996
1935,0.997,0.997
1936,0.997,0.996
1937,0.998,0.996
1938,0.998,0.995
1939,0.997,0.997
1940,0.998,0.994
1941,0.997,0.998
1942,0.998,0.998
1943,0.998,0.997
1944,0.998,0.997
1945,0.998,0.999
1946,0.997,0.997
1947,0.998,0.997
1948,0.998,0.998
1949,0.997,0.995
1950,0.998,0.995
1951,0.998,0.995
1952,0.997,0.999
1953,0.997,0.997
1954,0.998,0.996
1955,0.996,0.997
1956,0.998,1.0
1957,0.997,0.994
1958,0.996,0.993
1959,0.996,0.997
1960,0.996,0.995
1961,0.998,0.995
1962,0.996,0.994
1963,0.998,0.998
1964,0.998,0.998
1965,0.998,0.996
1966,0.998,0.993
1967,0.997,0.997
1968,0.998,0.998
1969,0.998,0.996
1970,0.998,0.995
1971,0.996,0.998
1972,0.998,0.998
1973,0.996,0.997
1974,0.997,0.998
1975,0.998,0.998
1976,0.998,0.999
1977,0.998,0.997
1978,0.994,0.995
1979,0.996,0.997
1980,0.998,0.997
1981,0.998,0.996
1982,0.997,0.995
1983,0.997,0.999
1984,0.998,0.997
1985,0.997,0.997
1986,0.997,0.996
1987,0.997,1.0
1988,0.997,0.996
1989,0.998,0.998
1990,0.998,0.994
1991,0.996,0.993
1992,0.998,0.995
1993,0.998,0.998
1994,0.999,0.997
1995,0.998,0.994
1996,0.996,0.997
1997,0.998,0.998
1998,0.997,0.996
1999,0.998,0.997
2000,0.998,0.996
2001,0.997,0.996
2002,0.998,0.996
2003,0.996,0.998
2004,0.998,0.999
2005,0.998,0.996
2006,0.998,0.995
2007,0.997,0.996
2008,0.998,0.997
2009,0.997,0.998
2010,0.998,0.998
2011,0.998,0.997
2012,0.998,0.996
2013,0.996,0.997
2014,0.998,0.995
2015,0.998,0.994
2016,0.998,0.997
2017,0.997,0.995
2018,0.996,0.996
2019,0.998,0.998
2020,0.996,0.996
2021,0.997,0.996
2022,0.997,0.998
2023,0.998,0.997
2024,0.998,0.998
2025,0.996,0.996
2026,0.998,0.997
2027,0.997,0.998
2028,0.998,0.996
2029,0.998,0.995
2030,0.998,0.998
2031,0.997,0.997
2032,0.996,0.996
2033,0.998,0.997
2034,0.996,0.996
2035,0.997,0.999
2036,0.998,0.999
2037,0.998,0.997
2038,0.998,0.997
2039,0.996,0.996
2040,0.998,0.997
2041,0.997,0.996
2042,0.998,0.999
2043,0.998,0.994
2044,0.998,0.997
2045,0.996,0.993
2046,0.998,0.998
2047,0.997,0.999
2048,0.998,0.999
2049,0.997,0.996
2050,0.998,0.997
2051,0.998,0.998
2052,0.998,0.998
2053,0.997,0.997
2054,0.998,0.995
2055,0.997,0.995
2056,0.997,0.994
2057,0.998,0.998
2058,0.998,0.996
2059,0.998,0.997
2060,0.997,0.996
2061,0.998,0.997
2062,0.997,0.997
2063,0.996,0.998
2064,0.998,0.996
2065,0.998,0.998
2066,0.998,0.999
2067,0.996,0.998
2068,0.995,0.996
2069,0.997,0.999
2070,0.996,0.995
2071,0.998,0.998
2072,0.998,0.996
2073,0.995,0.994
2074,0.998,0.996
2075,0.998,0.998
2076,0.997,0.994
2077,0.997,1.0
2078,0.997,0.998
2079,0.998,0.998
2080,0.998,0.997
2081,0.998,0.998
2082,0.998,0.993
2083,0.997,0.996
2084,0.996,0.997
2085,0.998,0.998
2086,0.996,0.996
2087,0.998,0.996
2088,0.999,0.997
2089,0.998,0.997
2090,0.997,0.997
2091,0.996,0.996
2092,0.997,0.998
2093,0.998,0.998
2094,0.997,0.997
2095,0.998,0.994
2096,0.998,0.997
2097,0.997,0.993
2098,0.995,0.998
2099,0.997,0.997
2100,0.996,0.996
2101,0.997,0.996
2102,0.999,0.995
2103,0.998,0.997
2104,0.997,0.994
2105,0.998,0.997
2106,0.998,0.996
2107,0.998,0.995
2108,0.999,0.999
2109,0.997,0.997
2110,0.998,0.999
2111,0.998,0.995
2112,0.998,0.996
2113,0.999,0.996
2114,0.996,0.997
2115,0.998,1.0
2116,0.997,0.996
2117,0.998,0.997
2118,0.998,0.997
2119,0.998,0.997
2120,0.997,0.996
2121,0.998,0.994
2122,0.997,0.995
2123,0.996,0.998
2124,0.997,0.995
2125,0.997,0.996
2126,0.998,0.997
2127,0.998,0.997
2128,0.997,0.999
2129,0.997,0.999
2130,0.998,0.997
2131,0.998,0.997
2132,0.997,0.996
2133,0.998,0.994
2134,0.998,0.996
2135,0.998,0.997
2136,0.998,0.997
2137,0.998,0.995
2138,0.998,0.997
2139,0.997,0.995
2140,0.997,0.995
2141,0.997,0.995
2142,0.998,0.997
2143,0.997,0.998
2144,0.998,0.997
2145,0.998,0.998
2146,0.998,0.997
2147,0.998,0.997
2148,0.998,0.999
2149,0.998,0.996
2150,0.997,0.995
2151,0.996,0.991
2152,0.997,0.998
2153,0.997,0.997
2154,0.997,1.0
2155,0.996,0.997
2156,0.999,0.999
2157,0.996,0.995
2158,0.998,0.998
2159,0.998,0.996
2160,0.998,0.999
2161,0.998,0.999
2162,0.997,0.998
2163,0.998,0.999
2164,0.996,0.996
2165,0.997,0.997
2166,0.998,0.998
2167,0.998,0.999
2168,0.996,0.997
2169,0.997,0.996
2170,0.998,0.996
2171,0.998,0.998
2172,0.998,0.999
2173,0.998,0.997
2174,0.998,0.999
2175,0.996,0.997
2176,0.996,0.998
2177,0.999,0.998
2178,0.998,0.996
2179,0.998,0.997
2180,0.998,0.997
2181,0.996,0.996
2182,0.998,0.995
2183,0.996,0.997
2184,0.998,0.996
2185,0.997,0.996
2186,0.998,0.998
2187,0.997,0.998
2188,0.997,0.997
2189,0.998,0.999
2190,0.997,0.999
2191,0.997,0.998
2192,0.998,0.996
2193,0.997,0.996
2194,0.997,0.996
2195,0.996,0.996
2196,0.997,0.998
2197,0.998,0.998
2198,0.997,0.998
2199,0.996,0.996
2200,0.998,0.999
2201,0.998,0.996
2202,0.997,0.993
2203,0.998,0.997
2204,0.997,0.995
2205,0.998,0.997
2206,0.997,0.998
2207,0.997,0.999
2208,0.998,0.997
2209,0.998,0.997
2210,0.997,0.998
2211,0.998,0.996
2212,0.997,0.999
2213,0.997,0.994
2214,0.998,0.996
2215,0.998,0.995
2216,0.998,0.997
2217,0.997,0.995
2218,0.997,0.997
2219,0.998,0.998
2220,0.997,0.997
2221,0.998,0.996
2222,0.997,0.996
2223,0.998,0.998
2224,0.996,0.998
2225,0.998,0.996
2226,0.997,0.997
2227,0.997,0.996
2228,0.999,0.999
2229,0.997,0.997
2230,0.999,0.998
2231,0.996,0.996
2232,0.998,0.998
2233,0.997,0.995
2234,0.999,0.998
2235,0.998,0.996
2236,0.997,0.996
2237,0.998,0.997
2238,0.998,0.998
2239,0.997,0.998
2240,0.997,0.993
2241,0.997,0.995
2242,0.998,0.995
2243,0.999,0.996
2244,0.997,0.995
2245,0.997,0.995
2246,0.998,0.997
2247,0.998,0.994
2248,0.996,0.993
2249,0.997,0.998
2250,0.998,0.998
2251,0.999,0.998
2252,0.996,0.998
2253,0.998,0.995
2254,0.998,1.0
2255,0.998,0.992
2256,0.997,0.994
2257,0.997,0.997
2258,0.998,0.995
2259,0.997,0.996
2260,0.998,0.997
2261,0.998,0.996
2262,0.998,1.0
2263,0.998,0.998
2264,0.998,0.998
2265,0.998,0.998
2266,0.998,0.998
2267,0.998,0.999
2268,0.998,0.998
2269,0.998,0.998
2270,0.997,0.998
2271,0.997,0.997
2272,0.998,0.995
2273,0.998,0.995
2274,0.997,0.995
2275,0.997,0.994
2276,0.998,0.999
2277,0.997,0.997
2278,0.998,0.997
2279,0.998,0.999
2280,0.997,0.998
2281,0.997,0.997
2282,0.998,0.998
2283,0.998,0.998
2284,0.998,0.997
2285,0.998,0.995
2286,0.999,0.994
2287,0.998,0.996
2288,0.998,0.995
2289,0.997,0.998
2290,0.998,0.998
2291,0.998,0.999
2292,0.996,0.997
2293,0.997,0.996
2294,0.998,0.996
2295,0.998,0.996
2296,0.998,0.998
2297,0.997,0.999
2298,0.996,0.998
2299,0.998,0.995
2300,0.997,0.995
2301,0.998,0.998
2302,0.999,0.998
2303,0.996,0.995
2304,0.997,0.998
2305,0.997,0.997
2306,0.997,0.996
2307,0.998,0.998
2308,0.997,0.997
2309,0.997,0.998
2310,0.996,0.997
2311,0.998,0.997
2312,0.997,0.997
2313,0.997,0.999
2314,0.997,0.999
2315,0.998,0.997
2316,0.998,0.998
2317,0.998,0.996
2318,0.997,0.995
2319,0.997,0.997
2320,0.998,0.998
2321,0.996,0.997
2322,0.996,0.994
2323,0.997,0.998
2324,0.997,0.998
2325,0.998,0.999
2326,0.998,0.997
2327,0.995,0.998
2328,0.997,0.998
2329,0.997,0.996
2330,0.998,0.997
2331,0.997,0.995
2332,0.996,0.996
2333,0.998,0.999
2334,0.999,0.998
2335,0.998,0.998
2336,0.996,0.998
2337,0.998,0.997
2338,0.996,0.995
2339,0.999,0.998
2340,0.996,0.998
2341,0.998,0.997
2342,0.998,0.998
2343,0.997,0.997
2344,0.997,0.997
2345,0.997,0.998
2346,0.998,0.997
2347,0.998,0.995
2348,0.998,0.999
2349,0.998,0.997
2350,0.997,0.999
2351,0.998,0.999
2352,0.997,0.997
2353,0.998,0.999
2354,0.998,0.999
2355,0.998,1.0
2356,0.999,0.999
2357,0.997,0.996
2358,0.997,0.996
2359,0.998,0.996
2360,0.997,0.996
2361,0.997,0.997
2362,0.998,0.996
2363,0.999,0.999
2364,0.997,0.999
2365,0.998,0.996
2366,0.998,0.999
2367,0.998,0.996
2368,0.998,0.997
2369,0.997,0.997
2370,0.998,0.997
2371,0.998,0.998
2372,0.998,0.997
2373,0.998,0.996
2374,0.998,0.998
2375,0.998,0.994
2376,0.998,0.996
2377,0.998,0.993
2378,0.997,0.996
2379,0.998,0.996
2380,0.998,0.997
2381,0.996,0.996
2382,0.998,0.998
2383,0.998,0.995
2384,0.998,0.996
2385,0.998,0.998
2386,0.998,0.998
2387,0.997,0.996
2388,0.998,0.996
2389,0.996,0.995
2390,0.997,0.997
2391,0.996,1.0
2392,0.999,0.997
2393,0.998,0.998
2394,0.998,0.997
2395,0.996,0.997
2396,0.998,0.995
2397,0.997,0.997
2398,0.997,0.994
2399,0.996,0.996
2400,0.996,0.997
2401,0.998,0.996
2402,0.997,0.996
2403,0.996,0.996
2404,0.998,0.997
2405,0.997,0.996
2406,0.998,0.999
2407,0.998,0.999
2408,0.997,0.998
2409,0.998,0.995
2410,0.998,0.997
2411,0.997,0.999
2412,0.998,0.997
2413,0.998,0.996
2414,0.997,0.998
2415,0.998,0.994
2416,0.999,0.996
2417,0.998,0.999
2418,0.997,0.996
2419,0.998,0.998
2420,0.997,1.0
2421,0.998,0.998
2422,0.997,0.997
2423,0.998,0.998
2424,0.999,0.995
2425,0.998,0.997
2426,0.998,0.996
2427,0.998,0.998
2428,0.996,0.995
2429,0.997,0.998
2430,0.998,0.998
2431,0.998,0.998
2432,0.998,0.996
2433,0.998,0.997
2434,0.998,0.998
2435,0.998,0.999
2436,0.996,0.997
2437,0.998,0.998
2438,0.997,0.997
2439,0.998,0.996
2440,0.998,0.998
2441,0.998,0.997
2442,0.998,0.999
2443,0.997,0.997
2444,0.999,0.997
2445,0.998,0.997
2446,0.997,0.996
2447,0.996,0.995
2448,0.996,0.994
2449,0.998,0.998
2450,0.998,0.998
2451,0.998,0.995
2452,0.997,0.999
2453,0.998,0.994
2454,0.997,0.999
2455,0.998,0.998
2456,0.996,0.997
2457,0.998,0.996
2458,0.997,0.999
2459,0.998,1.0
2460,0.998,0.997
2461,0.998,0.999
2462,0.998,0.999
2463,0.999,0.997
2464,0.996,0.998
2465,0.998,0.996
2466,0.998,0.996
2467,0.998,0.998
2468,0.996,0.997
2469,0.999,0.998
2470,0.999,0.999
2471,0.996,0.996
2472,0.997,0.997
2473,0.998,0.995
2474,0.999,0.999
2475,0.998,0.998
2476,0.998,0.996
2477,0.996,1.0
2478,0.997,0.998
2479,0.997,0.998
2480,0.997,0.997
2481,0.998,0.999
2482,0.996,0.997
2483,0.996,0.996
2484,0.998,0.998
2485,0.997,0.995
2486,0.998,0.999
2487,0.998,0.997
2488,0.999,0.999
2489,0.998,0.995
2490,0.998,0.999
2491,0.997,0.997
2492,0.998,0.999
2493,0.996,0.996
2494,0.999,0.997
2495,0.998,0.996
2496,0.998,0.998
2497,0.998,0.995
2498,0.999,1.0
2499,0.998,0.998
2500,0.998,0.999
2501,1.0,0.998
2502,0.998,0.998
2503,0.998,0.997
2504,0.998,0.997
2505,0.998,0.999
2506,0.999,0.998
2507,0.998,0.997
2508,0.998,0.998
2509,0.996,0.995
2510,0.997,0.994
2511,0.998,0.996
2512,0.998,0.997
2513,0.997,0.999
2514,0.997,0.995
2515,0.998,0.996
2516,0.997,0.998
2517,0.997,0.998
2518,0.996,0.998
2519,0.998,0.997
2520,0.998,0.999
2521,0.997,0.998
2522,0.997,0.998
2523,0.998,0.997
2524,0.998,0.999
2525,0.998,0.997
2526,0.997,0.996
2527,0.998,0.995
2528,0.998,0.998
2529,0.998,0.998
2530,0.998,0.999
2531,0.998,0.997
2532,0.998,0.996
2533,0.998,0.998
2534,0.997,0.998
2535,0.998,0.997
2536,0.998,0.997
2537,0.998,0.999
2538,0.996,0.997
2539,0.995,0.998
2540,0.998,0.995
2541,0.999,0.994
2542,0.996,0.996
2543,0.998,0.998
2544,0.997,0.999
2545,0.998,0.998
2546,0.998,0.998
2547,0.998,1.0
2548,0.998,0.996
2549,0.998,0.999
2550,0.998,1.0
2551,0.996,0.997
2552,0.998,0.999
2553,0.998,0.996
2554,0.998,0.999
2555,0.998,0.998
2556,0.998,0.996
2557,0.998,0.998
2558,0.997,0.996
2559,0.997,0.998
2560,0.997,0.998
2561,0.998,0.996
2562,0.998,0.998
2563,0.998,0.998
2564,0.998,0.997
2565,0.997,0.999
2566,0.998,0.997
2567,0.998,0.997
2568,0.997,0.997
2569,0.998,0.998
2570,0.998,0.999
2571,0.998,0.999
2572,0.997,0.996
2573,0.996,0.995
2574,0.998,0.997
2575,0.998,0.999
2576,0.998,0.994
2577,0.996,0.998
2578,0.997,0.998
2579,0.998,0.999
2580,0.997,0.996
2581,0.998,0.994
2582,0.997,0.997
2583,0.997,0.998
2584,0.997,0.998
2585,0.998,0.997
2586,0.999,0.999
2587,0.998,0.997
2588,0.998,0.996
2589,0.998,0.998
2590,0.998,0.998
2591,0.996,0.997
2592,0.997,0.995
2593,0.998,0.997
2594,0.998,0.998
2595,0.998,0.999
2596,0.998,0.997
2597,0.998,0.998
2598,0.998,0.996
2599,0.998,0.997
2600,0.998,0.994
2601,0.998,0.999
2602,0.998,0.995
2603,0.998,0.997
2604,0.998,0.995
2605,0.998,0.999
2606,0.998,0.998
2607,0.998,0.996
2608,0.998,0.999
2609,0.998,0.996
2610,0.997,0.996
2611,0.998,0.996
2612,0.998,0.998
2613,0.998,0.996
2614,0.998,0.998
2615,0.998,0.996
2616,0.998,0.997
2617,0.999,0.997
2618,0.996,0.998
2619,0.998,0.998
2620,0.999,0.998
2621,0.997,0.995
2622,0.997,0.997
2623,0.997,0.996
2624,0.998,0.997
2625,0.998,0.999
2626,0.998,0.999
2627,0.998,0.999
2628,0.997,0.997
2629,0.998,0.996
2630,0.999,0.995
2631,0.997,0.996
2632,0.998,0.996
2633,0.998,0.999
2634,0.998,0.997
2635,0.998,0.997
2636,0.997,0.996
2637,0.998,0.998
2638,0.998,0.998
2639,0.999,0.998
2640,0.998,0.996
2641,0.998,0.997
2642,0.998,0.998
2643,0.998,0.997
2644,0.999,0.996
2645,0.998,0.994
2646,0.997,0.998
2647,0.998,0.996
2648,0.999,0.996
2649,0.998,0.998
2650,0.997,0.995
2651,0.997,0.996
2652,0.999,0.998
2653,0.997,0.994
2654,0.998,0.998
2655,0.998,0.996
2656,0.997,0.996
2657,0.997,0.998
2658,0.998,0.998
2659,0.999,0.995
2660,0.998,0.998
2661,0.996,0.995
2662,0.997,0.997
2663,0.997,0.997
2664,0.998,1.0
2665,0.998,0.997
2666,0.998,0.996
2667,0.998,0.998
2668,0.998,0.999
2669,0.998,0.998
2670,0.997,0.999
2671,0.998,0.997
2672,0.998,0.998
2673,0.996,0.996
2674,0.999,0.997
2675,0.998,0.998
2676,0.998,0.997
2677,0.998,0.997
2678,0.996,0.997
2679,0.998,0.998
2680,0.996,0.994
2681,0.996,0.996
2682,0.998,0.997
2683,0.998,0.995
2684,0.998,0.995
2685,0.998,0.996
2686,0.997,0.998
2687,0.998,0.994
2688,0.998,0.995
2689,0.998,0.997
2690,0.997,0.996
2691,0.996,0.997
2692,0.998,0.998
2693,0.998,0.998
2694,0.996,0.995
2695,0.996,0.998
2696,0.997,0.997
2697,0.998,0.996
2698,0.998,0.998
2699,0.997,1.0
2700,0.998,0.996
2701,0.998,0.996
2702,0.996,0.994
2703,0.998,0.997
2704,0.997,0.997
2705,0.998,0.996
2706,0.998,0.997
2707,0.997,0.997
2708,0.999,0.996
2709,0.996,0.998
2710,0.998,0.997
2711,0.998,0.996
2712,0.996,0.999
2713,0.996,0.996
2714,0.997,0.997
2715,0.997,0.997
2716,0.998,0.998
2717,0.999,0.998
2718,0.998,0.999
2719,0.998,0.998
2720,0.998,0.999
2721,0.998,0.999
2722,0.998,0.998
2723,0.998,0.998
2724,0.998,0.999
2725,0.998,0.996
2726,0.998,0.994
2727,0.998,0.998
2728,0.996,0.999
2729,0.998,0.997
2730,0.998,0.998
2731,0.998,0.997
2732,0.997,0.997
2733,0.999,0.997
2734,0.998,1.0
2735,0.998,0.997
2736,0.998,0.997
2737,0.998,0.998
2738,0.998,0.998
2739,0.998,0.998
2740,0.998,0.995
2741,0.998,0.997
2742,0.997,0.997
2743,0.997,0.997
2744,0.997,0.996
2745,0.996,0.998
2746,0.998,0.995
2747,0.997,0.998
2748,0.998,0.998
2749,0.998,0.996
2750,0.997,0.999
2751,0.996,0.996
2752,0.998,0.996
2753,0.998,0.997
2754,0.997,0.994
2755,0.998,0.994
2756,0.997,0.997
2757,0.999,0.997
2758,0.997,0.994
2759,0.998,0.996
2760,0.997,0.997
2761,0.997,0.996
2762,0.998,0.997
2763,0.998,0.995
2764,0.998,0.997
2765,0.998,0.999
2766,0.998,0.999
2767,0.998,0.997
2768,0.998,0.996
2769,0.998,0.998
2770,0.997,0.996
2771,0.998,0.997
2772,0.999,0.997
2773,0.998,0.997
2774,0.997,0.997
2775,0.998,0.996
2776,0.998,0.993
2777,0.998,0.995
2778,0.997,0.998
2779,0.998,0.998
2780,0.997,0.996
2781,0.998,0.996
2782,0.998,0.998
2783,0.997,0.995
2784,0.998,0.996
2785,0.999,0.998
2786,0.998,0.996
2787,0.998,1.0
2788,0.998,0.995
2789,0.998,0.997
2790,0.997,0.996
2791,0.998,0.997
2792,0.998,0.996
2793,0.997,0.999
2794,0.998,0.997
2795,0.998,0.996
2796,0.998,0.999
2797,0.998,0.997
2798,0.998,0.997
2799,0.998,0.999
2800,0.997,0.996
2801,0.997,0.996
2802,0.998,0.998
2803,0.998,0.997
2804,0.998,0.999
2805,0.998,0.998
2806,0.998,0.996
2807,0.998,0.998
2808,0.997,0.996
2809,0.999,0.996
2810,0.997,0.997
2811,0.997,0.996
2812,0.997,0.997
2813,0.998,0.997
2814,0.999,0.997
2815,0.998,0.999
2816,0.996,0.997
2817,0.998,0.999
2818,0.997,0.998
2819,0.998,0.997
2820,0.998,0.998
2821,0.996,0.998
2822,0.998,0.996
2823,0.998,0.997
2824,0.998,0.997
2825,0.998,0.996
2826,0.998,0.998
2827,0.998,0.997
2828,0.998,0.997
2829,0.999,0.997
2830,0.998,0.997
2831,0.999,0.998
2832,0.999,0.998
2833,0.998,0.998
2834,0.997,1.0
2835,0.998,0.998
2836,0.999,0.998
2837,0.998,0.998
2838,0.998,0.998
2839,0.998,0.999
2840,0.998,0.997
2841,0.998,0.997
2842,0.997,0.997
2843,0.998,0.998
2844,0.997,0.998
2845,0.998,0.998
2846,0.998,0.998
2847,0.998,0.998
2848,0.998,0.998
2849,0.998,0.997
2850,0.998,0.996
2851,0.999,0.997
2852,0.998,0.998
2853,0.998,0.997
2854,0.996,0.997
2855,0.997,0.997
2856,0.997,0.997
2857,0.998,0.999
2858,0.998,0.998
2859,0.999,0.998
2860,0.998,0.998
2861,0.998,0.998
2862,0.997,0.998
2863,0.998,0.999
2864,0.998,0.997
2865,0.998,0.997
2866,0.998,0.997
2867,0.998,0.998
2868,0.998,0.998
2869,0.998,0.997
2870,0.998,0.995
2871,0.998,0.996
2872,0.998,0.998
2873,0.999,0.996
2874,0.996,0.998
2875,0.996,0.998
2876,0.996,0.996
2877,0.998,0.997
2878,0.998,0.997
2879,0.999,0.996
2880,0.999,0.997
2881,0.998,0.994
2882,0.998,0.998
2883,0.998,0.996
2884,0.997,0.998
2885,0.998,0.997
2886,0.997,0.998
2887,0.998,0.998
2888,0.997,0.994
2889,0.997,0.998
2890,0.998,0.997
2891,0.998,0.998
2892,0.998,0.998
2893,0.997,0.997
2894,0.998,0.998
2895,0.997,0.997
2896,0.996,0.998
2897,0.998,0.997
2898,0.997,0.997
2899,0.998,0.995
2900,0.997,0.998
2901,0.998,0.998
2902,0.998,0.996
2903,0.999,0.998
2904,0.997,0.996
2905,0.996,0.997
2906,0.998,0.995
2907,0.998,0.998
2908,0.998,0.996
2909,0.998,0.999
2910,0.999,0.996
2911,0.997,0.996
2912,0.997,0.998
2913,0.998,0.995
2914,0.997,0.996
2915,0.998,0.999
2916,0.998,0.998
2917,0.998,0.999
2918,0.998,0.998
2919,0.998,0.998
2920,0.997,0.997
2921,0.998,0.996
2922,0.996,0.997
2923,0.997,0.998
2924,0.998,0.995
2925,0.998,0.999
2926,0.998,0.998
2927,0.998,0.998
2928,0.999,0.998
2929,0.998,0.996
2930,0.996,0.996
2931,0.997,0.998
2932,0.997,0.997
2933,0.998,0.997
2934,0.997,0.997
2935,0.998,0.995
2936,0.998,0.997
2937,0.998,0.995
2938,0.998,0.999
2939,0.996,0.995
2940,0.998,1.0
2941,0.998,1.0
2942,0.997,0.998
2943,0.998,0.997
2944,0.999,0.997
2945,0.998,0.999
2946,0.998,0.995
2947,0.997,0.998
2948,0.998,0.998
2949,0.997,0.999
2950,0.998,0.999
2951,0.997,0.997
2952,0.999,0.998
2953,0.998,0.998
2954,0.997,0.994
2955,0.998,0.997
2956,0.997,0.998
2957,0.997,0.999
2958,0.998,0.999
2959,0.998,0.999
2960,0.998,0.998
2961,0.998,0.998
2962,0.998,0.997
2963,0.997,0.994
2964,0.998,0.996
2965,0.998,0.997
2966,0.998,0.998
2967,0.997,1.0
2968,0.997,0.996
2969,0.998,0.996
2970,0.998,0.997
2971,0.998,0.996
2972,0.998,0.999
2973,0.996,0.995
2974,0.997,0.996
2975,0.998,0.996
2976,0.998,0.997
2977,0.999,0.998
2978,0.998,0.997
2979,0.998,0.998
2980,0.998,0.997
2981,0.997,0.997
2982,0.998,0.997
2983,0.999,0.999
2984,0.999,0.999
2985,0.998,0.997
2986,0.997,0.998
2987,0.997,0.997
2988,0.998,0.997
2989,0.999,0.998
2990,0.997,0.998
2991,0.997,0.997
2992,0.998,0.998
2993,0.997,0.999
2994,0.998,0.997
2995,0.998,0.997
2996,0.997,0.998
2997,0.996,0.995
2998,0.998,0.995
2999,0.997,0.999
3000,0.998,0.998
3001,0.998,0.997
3002,0.997,0.995
3003,0.997,0.998
3004,0.997,0.997
3005,0.998,0.996
3006,0.998,0.999
3007,0.998,0.997
3008,0.996,0.996
3009,0.997,0.997
3010,0.998,1.0
3011,0.999,0.998
3012,0.999,0.998
3013,0.998,0.997
3014,0.998,0.999
3015,0.998,0.996
3016,0.996,0.997
3017,0.998,0.997
3018,0.998,0.997
3019,0.998,0.996
3020,0.998,0.999
3021,0.998,0.997
3022,0.998,0.998
3023,0.998,0.999
3024,0.998,0.996
3025,0.999,0.998
3026,0.999,0.996
3027,0.998,0.998
3028,0.998,0.995
3029,0.999,0.999
3030,0.997,0.999
3031,0.997,0.994
3032,0.998,0.998
3033,0.998,0.998
3034,0.998,0.998
3035,0.998,0.998
3036,0.998,0.997
3037,1.0,0.998
3038,0.999,0.998
3039,0.998,0.999
3040,0.997,0.995
3041,0.997,0.998
3042,0.999,0.998
3043,0.998,1.0
3044,0.998,0.995
3045,0.999,0.997
3046,0.998,0.996
3047,0.998,0.998
3048,1.0,0.997
3049,0.999,0.998
3050,0.998,0.996
3051,0.998,0.998
3052,0.998,0.997
3053,0.998,0.997
3054,0.997,0.997
3055,0.997,0.996
3056,0.998,0.996
3057,0.997,0.998
3058,0.997,0.997
3059,0.998,0.996
3060,0.998,0.996
3061,0.997,0.995
3062,0.997,1.0
3063,0.998,0.994
3064,0.998,0.996
3065,0.997,0.998
3066,1.0,0.997
3067,0.997,0.996
3068,0.998,0.994
3069,0.996,0.998
3070,0.997,0.996
3071,0.998,0.998
3072,0.998,1.0
3073,0.998,0.996
3074,0.997,0.998
3075,0.998,0.995
3076,0.998,0.997
3077,0.998,0.997
3078,0.999,0.999
3079,0.998,0.997
3080,0.998,0.998
3081,0.998,1.0
3082,0.998,0.997
3083,0.998,0.999
3084,0.998,0.998
3085,0.997,0.999
3086,0.999,0.998
3087,0.999,0.998
3088,0.998,0.998
3089,0.998,0.997
3090,0.998,0.998
3091,0.998,0.997
3092,0.996,0.997
3093,0.998,0.996
3094,0.997,0.994
3095,0.998,0.995
3096,0.998,0.997
3097,0.998,0.998
3098,0.997,0.997
3099,0.998,0.998
3100,0.998,0.998
3101,0.997,0.998
3102,0.998,0.998
3103,0.997,0.995
3104,0.999,0.999
3105,0.998,0.998
3106,0.998,0.996
3107,0.998,0.997
3108,0.998,0.996
3109,0.998,0.998
3110,0.998,0.997
3111,0.998,0.999
3112,0.998,0.996
3113,0.998,0.994
3114,0.998,0.996
3115,0.997,0.998
3116,0.997,0.999
3117,0.998,0.998
3118,0.998,0.997
3119,0.998,0.998
3120,0.998,0.998
3121,0.998,0.998
3122,0.998,0.999
3123,0.998,0.996
3124,0.998,1.0
3125,0.998,0.996
3126,0.998,0.996
3127,0.997,0.997
3128,0.999,0.998
3129,0.998,0.999
3130,0.998,0.998
3131,0.998,0.997
3132,0.996,0.996
3133,0.997,0.997
3134,0.998,0.998
3135,0.997,0.995
3136,0.998,0.998
3137,0.996,0.998
3138,0.998,0.995
3139,0.998,0.995
3140,0.998,0.998
3141,0.998,0.998
3142,0.998,0.996
3143,0.998,0.998
3144,0.998,0.998
3145,0.998,0.998
3146,0.999,0.999
3147,0.998,0.996
3148,0.997,0.998
3149,0.997,0.997
3150,0.998,0.999
3151,0.998,0.998
3152,0.998,0.996
3153,0.999,0.999
3154,0.998,0.999
3155,0.998,0.999
3156,0.998,0.994
3157,0.996,0.997
3158,0.996,0.994
3159,0.995,0.999
3160,0.998,0.998
3161,0.998,0.996
3162,0.998,0.992
3163,0.998,0.996
3164,0.998,0.996
3165,0.996,0.997
3166,0.999,0.996
3167,0.998,0.997
3168,0.998,0.996
3169,0.998,0.998
3170,0.998,0.997
3171,0.997,0.998
3172,0.998,0.999
3173,0.997,0.996
3174,0.998,0.999
3175,0.997,0.997
3176,0.999,0.998
3177,0.998,0.996
3178,0.999,0.998
3179,0.998,0.996
3180,0.998,0.998
3181,0.998,0.998
3182,0.999,0.997
3183,0.999,0.995
3184,0.998,0.995
3185,0.998,0.999
3186,0.998,0.997
3187,0.998,0.997
3188,0.998,0.997
3189,0.999,0.998
3190,0.998,0.997
3191,0.998,0.995
3192,0.998,0.998
3193,0.998,0.995
3194,0.998,0.999
3195,0.998,0.998
3196,0.998,0.995
3197,0.997,0.997
3198,0.998,0.996
3199,0.999,0.997
3200,0.999,0.998
3201,0.998,0.998
3202,0.998,0.999
3203,0.998,0.999
3204,0.998,0.999
3205,0.997,0.997
3206,0.998,0.997
3207,0.998,0.997
3208,0.998,0.997
3209,0.999,0.997
3210,0.998,0.992
3211,0.998,0.998
3212,0.998,0.998
3213,0.998,0.997
3214,0.998,0.997
3215,0.999,0.999
3216,0.998,0.999
3217,0.999,0.998
3218,0.999,0.997
3219,0.998,0.999
3220,0.998,0.998
3221,0.998,0.998
3222,0.998,0.998
3223,0.999,0.998
3224,0.997,0.997
3225,0.998,0.997
3226,0.998,0.998
3227,0.998,0.997
3228,0.998,0.997
3229,0.998,0.997
3230,0.997,0.998
3231,0.998,0.998
3232,0.998,0.998
3233,0.996,0.999
3234,0.998,0.996
3235,0.998,0.997
3236,0.998,0.998
3237,0.998,0.996
3238,0.998,0.995
3239,0.998,0.997
3240,0.998,0.997
3241,0.998,0.998
3242,0.996,0.999
3243,0.998,0.999
3244,0.998,0.997
3245,0.998,0.998
3246,0.999,0.998
3247,0.998,0.998
3248,0.998,0.998
3249,0.999,0.997
3250,0.998,0.997
3251,0.999,0.999
3252,0.999,0.998
3253,0.998,0.997
3254,0.998,0.997
3255,0.999,0.998
3256,0.997,0.999
3257,0.998,0.998
3258,0.998,0.998
3259,0.998,0.998
3260,0.998,0.997
3261,0.998,0.999
3262,0.999,0.994
3263,0.998,0.997
3264,0.997,0.997
3265,0.997,0.999
3266,0.997,0.995
3267,0.998,0.998
3268,0.998,0.999
3269,0.997,0.996
3270,0.999,0.998
3271,0.998,0.996
3272,0.998,0.999
3273,0.998,0.996
3274,0.998,0.997
3275,0.998,0.996
3276,0.996,0.997
3277,0.998,0.996
3278,0.998,0.999
3279,0.998,0.997
3280,0.998,0.997
3281,0.998,0.998
3282,0.998,0.997
3283,0.999,0.998
3284,0.998,0.997
3285,0.998,0.998
3286,0.999,0.997
3287,0.997,0.999
3288,0.996,0.995
3289,0.998,0.998
3290,0.997,0.997
3291,0.997,0.996
3292,0.999,0.996
3293,0.998,0.996
3294,0.998,0.998
3295,0.996,0.997
3296,0.996,0.997
3297,0.998,0.999
3298,0.998,0.997
3299,0.998,0.999
3300,0.996,0.998
3301,0.999,0.996
3302,0.998,0.995
3303,0.997,0.998
3304,0.998,0.998
3305,0.998,0.996
3306,0.998,0.999
3307,0.999,0.998
3308,0.998,0.996
3309,0.998,0.995
3310,0.998,0.996
3311,0.998,0.998
3312,0.997,0.996
3313,0.999,1.0
3314,0.998,0.999
3315,0.998,0.998
3316,0.998,0.997
3317,0.998,0.997
3318,0.998,0.999
3319,0.998,0.999
3320,0.998,0.999
3321,0.998,0.999
3322,0.998,0.997
3323,0.998,0.997
3324,0.998,0.996
3325,0.998,0.997
3326,0.998,0.995
3327,0.998,0.997
3328,0.998,0.999
3329,0.998,0.999
3330,0.998,0.999
3331,0.998,0.996
3332,0.997,0.995
3333,0.997,0.998
3334,0.998,0.996
3335,0.998,0.996
3336,0.997,0.997
3337,0.997,0.997
3338,0.998,0.996
3339,0.998,0.998
3340,0.998,0.996
3341,0.998,0.995
3342,0.999,0.995
3343,0.998,1.0
3344,0.997,0.999
3345,0.998,0.997
3346,0.998,0.995
3347,0.998,0.996
3348,0.998,0.998
3349,0.998,0.999
3350,0.997,0.997
3351,0.998,0.996
3352,0.998,0.995
3353,0.997,0.998
3354,0.998,0.999
3355,0.998,0.997
3356,0.998,0.997
3357,0.997,0.997
3358,0.997,0.998
3359,0.998,0.997
3360,0.996,0.997
3361,0.997,0.996
3362,0.998,0.998
3363,0.996,0.997
3364,0.999,0.996
3365,0.998,0.997
3366,0.998,0.998
3367,0.998,0.998
3368,0.998,0.997
3369,0.998,0.999
3370,0.998,0.999
3371,0.998,0.996
3372,0.998,0.996
3373,0.998,0.998
3374,0.998,0.998
3375,0.998,0.999
3376,0.997,0.997
3377,0.999,0.995
3378,0.997,0.998
3379,0.998,0.996
3380,0.998,0.996
3381,0.997,0.997
3382,0.998,0.997
3383,0.998,0.998
3384,0.999,0.998
3385,0.998,0.997
3386,0.998,0.998
3387,0.998,0.997
3388,0.999,0.999
3389,0.999,0.999
3390,0.999,0.996
3391,0.998,0.993
3392,0.999,0.997
3393,0.998,0.996
3394,0.998,0.998
3395,0.998,0.999
3396,0.999,0.999
3397,0.997,0.997
3398,0.998,0.996
3399,0.998,0.997
3400,0.998,0.996
3401,0.998,0.998
3402,0.999,0.996
3403,0.999,0.995
3404,0.999,0.996
3405,0.998,0.998
3406,0.997,0.996
3407,0.998,0.996
3408,0.999,0.996
3409,0.998,0.995
3410,0.996,0.997
3411,0.997,0.997
3412,0.997,0.995
3413,0.997,0.996
3414,0.998,0.997
3415,0.998,1.0
3416,0.997,0.999
3417,0.997,0.998
3418,0.998,0.997
3419,0.998,0.998
3420,0.999,0.996
3421,0.997,0.997
3422,0.998,0.999
3423,0.996,0.997
3424,0.998,0.998
3425,0.998,0.997
3426,0.998,1.0
3427,0.998,0.995
3428,0.996,0.997
3429,0.998,0.998
3430,0.998,0.996
3431,0.998,0.996
3432,0.997,0.996
3433,0.997,0.995
3434,0.999,0.999
3435,0.998,0.997
3436,0.998,0.998
3437,0.998,1.0
3438,0.998,0.999
3439,0.998,0.998
3440,0.996,0.998
3441,0.998,0.995
3442,0.997,0.998
3443,0.998,0.999
3444,0.999,0.998
3445,0.998,0.999
3446,0.999,0.999
3447,0.998,0.998
3448,0.998,0.999
3449,0.999,0.997
3450,0.997,1.0
3451,0.998,0.996
3452,0.998,0.996
3453,0.998,0.995
3454,0.998,0.998
3455,0.998,0.997
3456,0.999,0.998
3457,0.999,0.998
3458,0.997,0.999
3459,0.998,0.998
3460,0.998,0.999
3461,0.998,0.995
3462,0.997,0.999
3463,0.997,0.998
3464,0.998,0.999
3465,0.998,0.998
3466,0.998,0.998
3467,0.998,0.999
3468,0.997,0.996
3469,0.998,0.995
3470,0.998,0.998
3471,0.998,0.996
3472,0.998,0.997
3473,0.999,0.999
3474,0.998,0.997
3475,0.999,0.997
3476,0.998,0.997
3477,0.998,0.994
3478,0.998,0.996
3479,0.997,0.996
3480,0.998,0.997
3481,0.998,0.998
3482,0.997,0.997
3483,0.998,0.995
3484,0.997,0.996
3485,0.997,0.998
3486,0.997,0.995
3487,0.996,0.998
3488,0.999,0.999
3489,0.998,0.996
3490,0.997,0.998
3491,0.999,0.998
3492,0.996,0.997
3493,0.998,0.996
3494,0.996,0.999
3495,0.998,0.995
3496,0.998,0.995
3497,0.998,0.994
3498,0.999,0.999
3499,0.998,0.997
3500,0.997,0.996
3501,0.997,0.994
3502,0.997,0.995
3503,0.998,0.993
3504,0.998,0.997
3505,0.998,0.995
3506,0.998,0.998
3507,0.999,0.997
3508,0.998,0.998
3509,0.998,0.997
3510,0.998,0.998
3511,0.998,0.998
3512,0.998,0.997
3513,0.996,0.999
3514,0.999,0.998
3515,0.999,0.997
3516,0.998,0.999
3517,0.997,0.999
3518,0.998,0.996
3519,0.998,0.998
3520,0.998,0.995
3521,0.998,0.999
3522,0.999,0.997
3523,0.997,0.998
3524,0.997,0.995
3525,0.998,0.998
3526,0.998,0.999
3527,0.997,0.998
3528,0.999,0.997
3529,0.998,0.997
3530,0.999,0.996
3531,0.998,0.997
3532,0.998,0.995
3533,0.998,0.997
3534,0.997,0.999
3535,0.997,0.996
3536,0.998,0.997
3537,0.996,0.998
3538,0.998,0.998
3539,0.997,0.997
3540,0.999,0.998
3541,0.998,0.998
3542,0.999,0.997
3543,0.998,0.998
3544,0.998,0.999
3545,0.998,0.997
3546,0.998,0.998
3547,0.998,0.996
3548,0.998,0.999
3549,0.998,0.998
3550,0.999,0.999
3551,0.997,0.998
3552,0.998,0.997
3553,0.999,0.997
3554,0.998,0.997
3555,0.998,0.996
3556,0.998,0.997
3557,0.998,0.996
3558,0.998,0.998
3559,0.998,0.996
3560,0.999,0.996
3561,0.997,0.997
3562,0.998,0.999
3563,0.998,0.998
3564,0.998,0.997
3565,0.997,0.996
3566,0.999,0.996
3567,0.998,0.998
3568,0.998,0.997
3569,0.997,0.996
3570,0.998,0.996
3571,0.998,0.998
3572,0.999,0.999
3573,0.997,0.999
3574,0.998,0.999
3575,0.998,0.998
3576,0.998,0.995
3577,0.998,0.995
3578,0.997,0.999
3579,0.997,0.995
3580,0.998,0.997
3581,0.997,0.998
3582,0.998,0.997
3583,0.998,0.998
3584,0.998,0.997
3585,0.999,0.999
3586,0.998,0.997
3587,0.998,0.999
3588,0.998,0.997
3589,0.998,0.996
3590,0.998,0.999
3591,0.998,0.997
3592,0.998,0.997
3593,0.998,0.996
3594,0.998,0.996
3595,0.999,0.997
3596,0.999,0.999
3597,0.999,0.998
3598,0.998,0.996
3599,0.998,0.996
3600,0.998,0.994
3601,0.998,0.996
3602,0.998,0.999
3603,0.997,0.996
3604,0.998,0.995
3605,0.998,0.999
3606,0.996,0.998
3607,0.998,0.997
3608,0.998,0.994
3609,0.996,0.994
3610,0.998,0.996
3611,0.998,0.997
3612,0.997,1.0
3613,0.998,0.998
3614,0.997,0.998
3615,0.998,0.998
3616,0.999,0.996
3617,0.998,0.998
3618,0.999,0.998
3619,0.998,0.996
3620,0.998,0.997
3621,0.998,0.995
3622,0.998,0.997
3623,0.998,0.996
3624,0.999,0.997
3625,0.997,0.998
3626,0.998,0.995
3627,0.997,0.999
3628,0.997,0.999
3629,0.999,0.998
3630,0.998,0.997
3631,0.999,0.998
3632,0.997,0.997
3633,0.999,0.999
3634,0.996,0.999
3635,0.998,0.996
3636,0.998,0.995
3637,0.997,0.998
3638,0.997,0.999
3639,0.998,0.998
3640,0.998,0.997
3641,0.999,0.997
3642,0.998,0.998
3643,0.997,0.997
3644,0.998,0.996
3645,0.997,0.995
3646,0.997,0.997
3647,0.998,0.997
3648,0.998,0.997
3649,0.998,0.998
3650,0.998,0.997
3651,0.998,0.996
3652,0.996,0.996
3653,0.997,0.996
3654,0.999,0.999
3655,0.999,0.998
3656,0.997,0.998
3657,0.998,0.998
3658,0.999,1.0
3659,0.999,0.998
3660,0.997,1.0
3661,0.998,0.998
3662,0.998,0.999
3663,0.998,0.994
3664,0.998,0.995
3665,0.998,0.996
3666,0.999,0.997
3667,0.997,0.996
3668,0.998,0.998
3669,0.998,0.995
3670,0.997,0.993
3671,0.998,0.997
3672,0.998,0.998
3673,0.998,0.998
3674,0.998,0.996
3675,0.999,0.997
3676,0.997,0.998
3677,0.998,0.996
3678,0.999,0.996
3679,0.998,0.996
3680,0.999,0.997
3681,0.997,0.997
3682,0.998,0.995
3683,0.999,0.999
3684,0.998,0.997
3685,0.999,0.999
3686,0.998,0.997
3687,0.998,0.999
3688,0.998,0.998
3689,0.998,0.997
3690,0.998,0.997
3691,0.998,0.998
3692,0.999,1.0
3693,0.998,0.999
3694,0.998,0.999
3695,0.999,0.997
3696,0.998,0.997
3697,0.997,0.997
3698,0.998,0.998
3699,0.997,0.997
3700,0.998,0.996
3701,0.998,0.997
3702,0.998,0.993
3703,0.999,0.997
3704,0.999,0.995
3705,0.998,0.999
3706,0.998,0.998
3707,0.998,0.999
3708,0.998,0.995
3709,0.997,0.996
3710,0.998,0.998
3711,0.998,0.998
3712,0.999,0.996
3713,0.998,0.998
3714,0.998,0.998
3715,0.998,0.998
3716,0.998,0.996
3717,0.998,0.996
3718,0.998,0.997
3719,0.998,0.998
3720,0.999,0.998
3721,0.998,0.997
3722,0.998,0.996
3723,0.998,0.997
3724,0.999,0.998
3725,0.998,0.999
3726,0.998,0.998
3727,0.999,0.999
3728,0.998,0.995
3729,0.997,0.995
3730,0.999,0.997
3731,0.998,0.998
3732,0.998,0.997
3733,0.997,0.998
3734,0.998,0.998
3735,0.998,0.999
3736,0.998,0.998
3737,0.998,0.999
3738,0.998,0.998
3739,0.998,1.0
3740,0.998,0.999
3741,0.999,0.998
3742,0.999,0.998
3743,0.998,0.998
3744,0.998,0.999
3745,0.999,0.999
3746,0.997,0.996
3747,0.999,0.998
3748,0.998,0.999
3749,0.998,0.997
3750,0.998,0.998
3751,0.999,0.998
3752,0.998,0.997
3753,0.999,0.997
3754,0.998,0.995
3755,0.999,0.997
3756,0.998,0.997
3757,0.998,0.998
3758,0.997,0.997
3759,1.0,0.998
3760,0.999,0.998
3761,0.999,0.998
3762,0.998,0.999
3763,0.998,0.997
3764,0.999,0.999
3765,0.998,0.996
3766,0.998,0.998
3767,0.999,0.999
3768,0.998,0.998
3769,0.998,0.996
3770,0.997,0.997
3771,0.998,0.997
3772,0.998,0.999
3773,0.998,1.0
3774,0.998,0.998
3775,0.998,0.997
3776,0.999,0.996
3777,0.999,0.997
3778,0.998,0.994
3779,0.998,0.996
3780,0.998,0.996
3781,0.998,0.996
3782,0.997,0.995
3783,0.998,0.997
3784,0.997,0.998
3785,0.998,0.997
3786,0.998,0.999
3787,0.998,0.997
3788,0.998,0.996
3789,0.998,0.997
3790,0.997,0.998
3791,0.999,0.996
3792,0.998,0.998
3793,0.998,0.999
3794,0.998,0.999
3795,0.998,0.997
3796,0.998,0.996
3797,0.998,0.996
3798,0.998,0.997
3799,0.999,0.999
3800,0.998,0.998
3801,0.998,0.999
3802,0.995,0.996
3803,0.998,0.997
3804,0.999,0.998
3805,0.997,0.998
3806,0.998,0.999
3807,0.998,0.997
3808,0.998,0.997
3809,0.998,0.995
3810,0.998,0.998
3811,0.998,0.998
3812,0.998,0.997
3813,0.997,0.996
3814,0.997,0.996
3815,0.998,0.998
3816,0.998,0.998
3817,0.998,0.996
3818,0.998,0.998
3819,0.998,1.0
3820,0.997,0.996
3821,0.996,0.996
3822,0.998,0.997
3823,0.999,0.997
3824,0.998,0.999
3825,0.998,1.0
3826,0.998,0.999
3827,0.998,0.998
3828,0.998,0.996
3829,0.998,0.995
3830,0.998,0.997
3831,0.998,0.998
3832,0.997,0.998
3833,0.997,0.997
3834,0.998,0.996
3835,0.998,0.997
3836,0.997,0.997
3837,0.998,0.997
3838,0.998,0.996
3839,0.999,0.996
3840,0.998,0.997
3841,0.998,0.997
3842,0.998,0.997
3843,0.998,0.998
3844,1.0,0.998
3845,0.998,0.998
3846,0.998,0.998
3847,0.999,0.999
3848,0.998,0.998
3849,0.998,0.999
3850,0.998,0.999
3851,0.998,0.996
3852,0.998,0.999
3853,0.998,0.999
3854,0.998,0.998
3855,0.998,0.997
3856,0.998,0.997
3857,0.999,0.998
3858,0.998,0.994
3859,0.997,0.997
3860,0.997,0.997
3861,0.998,0.995
3862,0.998,0.999
3863,0.998,0.999
3864,0.998,0.997
3865,0.998,0.998
3866,0.999,0.998
3867,0.998,0.997
3868,0.999,0.999
3869,0.998,0.998
3870,0.998,0.997
3871,0.998,0.999
3872,0.998,0.998
3873,0.998,0.996
3874,0.999,0.998
3875,0.999,0.998
3876,0.998,0.999
3877,0.998,0.999
3878,0.999,0.998
3879,0.998,0.998
3880,0.999,0.998
3881,0.999,0.997
3882,0.999,0.996
3883,0.999,0.996
3884,0.999,0.996
3885,0.998,0.998
3886,0.997,0.998
3887,0.998,0.997
3888,0.997,0.997
3889,0.998,0.998
3890,0.999,0.998
3891,0.998,0.997
3892,0.998,0.997
3893,0.997,0.997
3894,0.997,0.999
3895,0.998,0.999
3896,0.998,0.997
3897,1.0,1.0
3898,0.998,0.999
3899,0.998,0.998
3900,0.999,0.999
3901,0.998,0.996
3902,0.998,0.995
3903,0.998,0.997
3904,0.999,0.998
3905,0.998,0.998
3906,0.998,0.998
3907,0.998,0.997
3908,0.998,0.997
3909,0.998,0.997
3910,0.998,0.998
3911,0.999,0.998
3912,0.996,0.996
3913,0.999,0.997
3914,0.998,0.996
3915,0.998,0.995
3916,0.998,0.997
3917,0.997,0.995
3918,0.998,0.999
3919,0.999,0.997
3920,0.998,0.997
3921,0.998,1.0
3922,0.998,0.999
3923,0.998,0.995
3924,0.999,0.998
3925,0.998,0.999
3926,0.998,0.997
3927,0.999,0.996
3928,0.998,0.998
3929,0.998,0.997
3930,0.998,0.996
3931,0.998,0.998
3932,0.998,0.996
3933,0.996,0.999
3934,0.999,0.998
3935,0.998,0.998
3936,0.998,0.998
3937,0.998,0.999
3938,0.999,0.998
3939,0.999,0.998
3940,0.998,0.997
3941,0.998,0.997
3942,0.999,0.996
3943,0.998,1.0
3944,0.998,0.999
3945,0.997,0.996
3946,0.998,0.996
3947,0.998,0.998
3948,0.999,0.999
3949,0.997,0.997
3950,0.999,0.997
3951,0.998,0.995
3952,0.998,0.997
3953,0.998,0.997
3954,0.999,0.999
3955,0.997,0.998
3956,0.997,0.998
3957,0.998,0.998
3958,0.999,0.999
3959,0.998,0.999
3960,0.998,0.996
3961,0.997,0.997
3962,0.998,0.995
3963,0.998,0.998
3964,0.998,0.994
3965,0.998,0.999
3966,0.998,0.997
3967,0.998,0.996
3968,0.998,0.996
3969,0.998,0.999
3970,0.998,0.997
3971,0.999,0.995
3972,0.999,0.998
3973,0.998,0.999
3974,0.998,0.996
3975,0.998,0.999
3976,0.997,0.997
3977,0.997,0.995
3978,0.998,0.999
3979,0.998,0.997
3980,0.996,0.998
3981,0.998,0.998
3982,0.998,0.996
3983,0.997,0.997
3984,0.998,0.998
3985,1.0,0.997
3986,0.998,0.997
3987,0.998,0.996
3988,0.998,0.995
3989,0.999,0.997
3990,0.999,0.997
3991,0.998,0.998
3992,0.998,0.998
3993,0.998,0.998
3994,0.998,0.997
3995,0.998,0.999
3996,0.998,0.999
3997,0.998,0.997
3998,0.998,0.996
3999,0.998,0.996
